codigo;fechareg;origen;documento;valor;estado;tipo_mov
1962;2019-01-01;7;0;2401200;S;101
2554;2019-01-01;7;0;120000;S;101
1948;2019-01-01;7;0;287820;S;101
319;2019-01-01;7;0;7693333;S;101
313;2019-01-01;7;0;7693333;S;101
314;2019-01-01;7;0;7693333;S;101
317;2019-01-01;7;0;7693333;S;101
318;2019-01-01;7;0;7693333;S;101
310;2019-01-01;7;0;2166666;S;101
311;2019-01-01;7;0;2166666;S;101
315;2019-01-01;7;0;7693333;S;101
321;2019-01-01;7;0;7693333;S;101
322;2019-01-01;7;0;7693333;S;101
323;2019-01-01;7;0;7693333;S;101
324;2019-01-01;7;0;2456667;S;101
326;2019-01-01;7;0;1933750;S;101
320;2019-01-01;7;0;7693333;S;101
325;2019-01-01;7;0;1933750;S;101
316;2019-01-01;7;0;7693333;S;101
308;2019-01-01;7;0;6252400;S;101
309;2019-01-01;7;0;2166666;S;101
9;2019-01-01;7;0;26569;S;101
10;2019-01-01;7;0;26569;S;101
11;2019-01-01;7;0;52200;S;101
72;2019-01-01;7;0;378800;S;101
73;2019-01-01;7;0;378800;S;101
2356;2019-01-01;7;0;2380000;S;101
74;2019-01-01;7;0;378800;S;101
75;2019-01-01;7;0;378800;S;101
2505;2019-01-01;7;0;1505680;S;101
2545;2019-01-01;7;0;662592;S;101
80;2019-01-01;7;0;498000;S;101
81;2019-01-01;7;0;498000;S;101
82;2019-01-01;7;0;498000;S;101
83;2019-01-01;7;0;498000;S;101
76;2019-01-01;7;0;1189000;S;101
77;2019-01-01;7;0;1189000;S;101
78;2019-01-01;7;0;1189000;S;101
79;2019-01-01;7;0;1189000;S;101
19;2019-01-01;7;0;284200;S;101
286;2019-01-01;7;0;2023085;S;101
287;2019-01-01;7;0;2023085;S;101
290;2019-01-01;7;0;2449000;S;101
291;2019-01-01;7;0;2449000;S;101
288;2019-01-01;7;0;2449000;S;101
289;2019-01-01;7;0;2449000;S;101
292;2019-01-01;7;0;2023085;S;101
293;2019-01-01;7;0;2023085;S;101
1683;2019-01-01;7;0;639160;S;101
1678;2019-01-01;7;0;388918;S;101
398;2019-01-01;7;0;531533;S;101
395;2019-01-01;7;0;531533;S;101
396;2019-01-01;7;0;531533;S;101
397;2019-01-01;7;0;531533;S;101
405;2019-01-01;7;0;2895667;S;101
1684;2019-01-01;7;0;639160;S;101
1677;2019-01-01;7;0;330669;S;101
1679;2019-01-01;7;0;388918;S;101
394;2019-01-01;7;0;531533;S;101
1681;2019-01-01;7;0;639160;S;101
1682;2019-01-01;7;0;639160;S;101
1685;2019-01-01;7;0;580000;S;101
1686;2019-01-01;7;0;4742685;S;101
2337;2019-01-01;7;0;545200;S;101
2338;2019-01-01;7;0;545200;S;101
2339;2019-01-01;7;0;545200;S;101
2340;2019-01-01;7;0;545200;S;101
2341;2019-01-01;7;0;545200;S;101
2342;2019-01-01;7;0;545200;S;101
2343;2019-01-01;7;0;545200;S;101
2344;2019-01-01;7;0;545200;S;101
2345;2019-01-01;7;0;545200;S;101
2765;2019-01-01;7;0;18450000;S;101
2549;2019-01-01;7;0;1640000;S;101
2547;2019-01-01;7;0;3750000;S;101
2548;2019-01-01;7;0;3750000;S;101
51;2019-01-01;7;0;22096;S;101
52;2019-01-01;7;0;22096;S;101
53;2019-01-01;7;0;22096;S;101
54;2019-01-01;7;0;22096;S;101
55;2019-01-01;7;0;22096;S;101
56;2019-01-01;7;0;22096;S;101
57;2019-01-01;7;0;22096;S;101
58;2019-01-01;7;0;22096;S;101
59;2019-01-01;7;0;22096;S;101
60;2019-01-01;7;0;22096;S;101
61;2019-01-01;7;0;22096;S;101
62;2019-01-01;7;0;22096;S;101
63;2019-01-01;7;0;22096;S;101
64;2019-01-01;7;0;22096;S;101
65;2019-01-01;7;0;22096;S;101
66;2019-01-01;7;0;22096;S;101
67;2019-01-01;7;0;22096;S;101
68;2019-01-01;7;0;22096;S;101
69;2019-01-01;7;0;22096;S;101
70;2019-01-01;7;0;22096;S;101
177;2019-01-01;7;0;1276000;S;101
84;2019-01-01;7;0;123958;S;101
85;2019-01-01;7;0;123958;S;101
86;2019-01-01;7;0;123958;S;101
87;2019-01-01;7;0;123958;S;101
88;2019-01-01;7;0;123958;S;101
89;2019-01-01;7;0;123958;S;101
90;2019-01-01;7;0;123958;S;101
91;2019-01-01;7;0;123958;S;101
92;2019-01-01;7;0;123958;S;101
93;2019-01-01;7;0;123958;S;101
94;2019-01-01;7;0;123958;S;101
95;2019-01-01;7;0;123958;S;101
96;2019-01-01;7;0;123958;S;101
97;2019-01-01;7;0;123958;S;101
98;2019-01-01;7;0;123958;S;101
99;2019-01-01;7;0;123958;S;101
100;2019-01-01;7;0;123958;S;101
101;2019-01-01;7;0;123958;S;101
102;2019-01-01;7;0;123958;S;101
103;2019-01-01;7;0;123958;S;101
104;2019-01-01;7;0;123958;S;101
105;2019-01-01;7;0;123958;S;101
106;2019-01-01;7;0;123958;S;101
107;2019-01-01;7;0;123958;S;101
108;2019-01-01;7;0;123958;S;101
109;2019-01-01;7;0;123958;S;101
110;2019-01-01;7;0;123958;S;101
111;2019-01-01;7;0;123958;S;101
112;2019-01-01;7;0;123958;S;101
113;2019-01-01;7;0;123958;S;101
114;2019-01-01;7;0;123958;S;101
115;2019-01-01;7;0;123958;S;101
116;2019-01-01;7;0;123958;S;101
117;2019-01-01;7;0;123958;S;101
118;2019-01-01;7;0;123958;S;101
119;2019-01-01;7;0;123958;S;101
120;2019-01-01;7;0;123958;S;101
121;2019-01-01;7;0;123958;S;101
122;2019-01-01;7;0;123958;S;101
123;2019-01-01;7;0;123958;S;101
124;2019-01-01;7;0;123958;S;101
125;2019-01-01;7;0;123958;S;101
126;2019-01-01;7;0;123958;S;101
127;2019-01-01;7;0;123958;S;101
128;2019-01-01;7;0;123958;S;101
129;2019-01-01;7;0;123958;S;101
130;2019-01-01;7;0;123958;S;101
131;2019-01-01;7;0;123958;S;101
2544;2019-01-01;7;0;591744;S;101
2355;2019-01-01;7;0;1858780;S;101
1978;2019-01-01;7;0;300691;S;101
1981;2019-01-01;7;0;300691;S;101
1979;2019-01-01;7;0;300691;S;101
1980;2019-01-01;7;0;300691;S;101
2583;2019-01-01;7;0;120000;S;101
2584;2019-01-01;7;0;120000;S;101
2585;2019-01-01;7;0;120000;S;101
2586;2019-01-01;7;0;120000;S;101
2587;2019-01-01;7;0;120000;S;101
2588;2019-01-01;7;0;120000;S;101
2589;2019-01-01;7;0;120000;S;101
2590;2019-01-01;7;0;120000;S;101
2591;2019-01-01;7;0;120000;S;101
2592;2019-01-01;7;0;120000;S;101
2593;2019-01-01;7;0;120000;S;101
2570;2019-01-01;7;0;95000;S;101
2571;2019-01-01;7;0;95000;S;101
2572;2019-01-01;7;0;95000;S;101
2573;2019-01-01;7;0;95000;S;101
2574;2019-01-01;7;0;95000;S;101
2575;2019-01-01;7;0;95000;S;101
2576;2019-01-01;7;0;95000;S;101
2577;2019-01-01;7;0;95000;S;101
2578;2019-01-01;7;0;95000;S;101
2579;2019-01-01;7;0;95000;S;101
2580;2019-01-01;7;0;95000;S;101
2581;2019-01-01;7;0;95000;S;101
2582;2019-01-01;7;0;95000;S;101
2569;2019-01-01;7;0;95000;S;101
2694;2019-01-01;7;0;7300000;S;101
2695;2019-01-01;7;0;7300000;S;101
1955;2019-01-01;7;0;30933;S;101
1951;2019-01-01;7;0;174000;S;101
1954;2019-01-01;7;0;30933;S;101
1953;2019-01-01;7;0;30933;S;101
1952;2019-01-01;7;0;30933;S;101
1960;2019-01-01;7;0;30933;S;101
1956;2019-01-01;7;0;30933;S;101
1982;2019-01-01;7;0;89600;S;101
1983;2019-01-01;7;0;89600;S;101
1984;2019-01-01;7;0;89600;S;101
1985;2019-01-01;7;0;89600;S;101
29;2019-01-01;7;0;87000;S;101
30;2019-01-01;7;0;87000;S;101
31;2019-01-01;7;0;87000;S;101
32;2019-01-01;7;0;87000;S;101
43;2019-01-01;7;0;69000;S;101
44;2019-01-01;7;0;69000;S;101
45;2019-01-01;7;0;69000;S;101
46;2019-01-01;7;0;69000;S;101
47;2019-01-01;7;0;69000;S;101
48;2019-01-01;7;0;69000;S;101
49;2019-01-01;7;0;69000;S;101
50;2019-01-01;7;0;69000;S;101
2524;2019-01-01;7;0;1744512;S;101
2374;2019-01-01;7;0;5197920;S;101
2716;2019-01-01;7;0;2803000;S;101
1693;2019-01-01;7;0;286701;S;101
1694;2019-01-01;7;0;286701;S;101
1695;2019-01-01;7;0;286701;S;101
1696;2019-01-01;7;0;286701;S;101
1697;2019-01-01;7;0;286701;S;101
1698;2019-01-01;7;0;286701;S;101
1699;2019-01-01;7;0;286701;S;101
1700;2019-01-01;7;0;286701;S;101
1701;2019-01-01;7;0;286701;S;101
1702;2019-01-01;7;0;286701;S;101
1703;2019-01-01;7;0;286701;S;101
1704;2019-01-01;7;0;286701;S;101
1705;2019-01-01;7;0;286701;S;101
1706;2019-01-01;7;0;286701;S;101
1707;2019-01-01;7;0;286701;S;101
1708;2019-01-01;7;0;286701;S;101
1709;2019-01-01;7;0;286701;S;101
1710;2019-01-01;7;0;286701;S;101
1711;2019-01-01;7;0;286701;S;101
1712;2019-01-01;7;0;286701;S;101
1713;2019-01-01;7;0;286701;S;101
1714;2019-01-01;7;0;286701;S;101
1715;2019-01-01;7;0;286701;S;101
1716;2019-01-01;7;0;286701;S;101
1717;2019-01-01;7;0;286701;S;101
1718;2019-01-01;7;0;286701;S;101
1719;2019-01-01;7;0;286701;S;101
1720;2019-01-01;7;0;286701;S;101
1721;2019-01-01;7;0;286701;S;101
1722;2019-01-01;7;0;286701;S;101
1723;2019-01-01;7;0;286701;S;101
1724;2019-01-01;7;0;286701;S;101
1725;2019-01-01;7;0;286701;S;101
1726;2019-01-01;7;0;286701;S;101
1727;2019-01-01;7;0;286701;S;101
1728;2019-01-01;7;0;286701;S;101
1729;2019-01-01;7;0;286701;S;101
1730;2019-01-01;7;0;286701;S;101
1731;2019-01-01;7;0;286701;S;101
1732;2019-01-01;7;0;286701;S;101
1733;2019-01-01;7;0;286701;S;101
1734;2019-01-01;7;0;286701;S;101
1735;2019-01-01;7;0;286701;S;101
1736;2019-01-01;7;0;286701;S;101
1737;2019-01-01;7;0;286701;S;101
1738;2019-01-01;7;0;286701;S;101
1739;2019-01-01;7;0;286701;S;101
1740;2019-01-01;7;0;286701;S;101
1741;2019-01-01;7;0;286701;S;101
1742;2019-01-01;7;0;286701;S;101
1743;2019-01-01;7;0;286701;S;101
1744;2019-01-01;7;0;286701;S;101
1745;2019-01-01;7;0;286701;S;101
1746;2019-01-01;7;0;286701;S;101
1747;2019-01-01;7;0;286701;S;101
1748;2019-01-01;7;0;286701;S;101
1749;2019-01-01;7;0;286701;S;101
1750;2019-01-01;7;0;286701;S;101
1751;2019-01-01;7;0;286701;S;101
1752;2019-01-01;7;0;286701;S;101
1753;2019-01-01;7;0;286701;S;101
1754;2019-01-01;7;0;286701;S;101
1755;2019-01-01;7;0;286701;S;101
1756;2019-01-01;7;0;286701;S;101
1757;2019-01-01;7;0;286701;S;101
1758;2019-01-01;7;0;286701;S;101
1759;2019-01-01;7;0;286701;S;101
1760;2019-01-01;7;0;286701;S;101
1761;2019-01-01;7;0;286701;S;101
1762;2019-01-01;7;0;286701;S;101
1763;2019-01-01;7;0;286701;S;101
1764;2019-01-01;7;0;286701;S;101
1765;2019-01-01;7;0;286701;S;101
1766;2019-01-01;7;0;286701;S;101
1767;2019-01-01;7;0;286701;S;101
1768;2019-01-01;7;0;286701;S;101
1769;2019-01-01;7;0;286701;S;101
1770;2019-01-01;7;0;286701;S;101
1771;2019-01-01;7;0;286701;S;101
1772;2019-01-01;7;0;286701;S;101
1773;2019-01-01;7;0;286701;S;101
1774;2019-01-01;7;0;286701;S;101
1775;2019-01-01;7;0;286701;S;101
1776;2019-01-01;7;0;286701;S;101
1777;2019-01-01;7;0;286701;S;101
1778;2019-01-01;7;0;286701;S;101
1779;2019-01-01;7;0;286701;S;101
1780;2019-01-01;7;0;286701;S;101
1781;2019-01-01;7;0;286701;S;101
1782;2019-01-01;7;0;286701;S;101
1783;2019-01-01;7;0;286701;S;101
1812;2019-01-01;7;0;286701;S;101
1813;2019-01-01;7;0;286701;S;101
1814;2019-01-01;7;0;286701;S;101
1815;2019-01-01;7;0;286701;S;101
1816;2019-01-01;7;0;286701;S;101
1817;2019-01-01;7;0;286701;S;101
1818;2019-01-01;7;0;286701;S;101
1819;2019-01-01;7;0;286701;S;101
1820;2019-01-01;7;0;286701;S;101
1821;2019-01-01;7;0;286701;S;101
1822;2019-01-01;7;0;286701;S;101
1823;2019-01-01;7;0;286701;S;101
1824;2019-01-01;7;0;286701;S;101
1825;2019-01-01;7;0;286701;S;101
1826;2019-01-01;7;0;286701;S;101
1827;2019-01-01;7;0;286701;S;101
1828;2019-01-01;7;0;286701;S;101
1829;2019-01-01;7;0;286701;S;101
1830;2019-01-01;7;0;286701;S;101
1831;2019-01-01;7;0;286701;S;101
1832;2019-01-01;7;0;286701;S;101
1833;2019-01-01;7;0;286701;S;101
1834;2019-01-01;7;0;286701;S;101
1835;2019-01-01;7;0;286701;S;101
1836;2019-01-01;7;0;286701;S;101
1837;2019-01-01;7;0;286701;S;101
1838;2019-01-01;7;0;286701;S;101
1839;2019-01-01;7;0;286701;S;101
1840;2019-01-01;7;0;286701;S;101
1841;2019-01-01;7;0;286701;S;101
1842;2019-01-01;7;0;286701;S;101
1843;2019-01-01;7;0;286701;S;101
1844;2019-01-01;7;0;286701;S;101
1845;2019-01-01;7;0;286701;S;101
1846;2019-01-01;7;0;286701;S;101
1847;2019-01-01;7;0;286701;S;101
1848;2019-01-01;7;0;286701;S;101
1849;2019-01-01;7;0;286701;S;101
1850;2019-01-01;7;0;286701;S;101
1851;2019-01-01;7;0;286701;S;101
1852;2019-01-01;7;0;286701;S;101
1853;2019-01-01;7;0;286701;S;101
1854;2019-01-01;7;0;286701;S;101
1855;2019-01-01;7;0;286701;S;101
1856;2019-01-01;7;0;286701;S;101
1857;2019-01-01;7;0;286701;S;101
1858;2019-01-01;7;0;286701;S;101
1859;2019-01-01;7;0;286701;S;101
1860;2019-01-01;7;0;286701;S;101
1861;2019-01-01;7;0;286701;S;101
1862;2019-01-01;7;0;286701;S;101
1863;2019-01-01;7;0;286701;S;101
1864;2019-01-01;7;0;286701;S;101
1865;2019-01-01;7;0;286701;S;101
1866;2019-01-01;7;0;286701;S;101
1867;2019-01-01;7;0;286701;S;101
1868;2019-01-01;7;0;286701;S;101
1869;2019-01-01;7;0;286701;S;101
1870;2019-01-01;7;0;286701;S;101
1871;2019-01-01;7;0;286701;S;101
1872;2019-01-01;7;0;286701;S;101
1873;2019-01-01;7;0;286701;S;101
1874;2019-01-01;7;0;286701;S;101
1875;2019-01-01;7;0;286701;S;101
1876;2019-01-01;7;0;286701;S;101
1877;2019-01-01;7;0;286701;S;101
1878;2019-01-01;7;0;286701;S;101
1879;2019-01-01;7;0;286701;S;101
1880;2019-01-01;7;0;286701;S;101
1881;2019-01-01;7;0;286701;S;101
1882;2019-01-01;7;0;286701;S;101
1883;2019-01-01;7;0;286701;S;101
1884;2019-01-01;7;0;286701;S;101
1885;2019-01-01;7;0;129583;S;101
1886;2019-01-01;7;0;129583;S;101
1887;2019-01-01;7;0;129583;S;101
1888;2019-01-01;7;0;129583;S;101
1889;2019-01-01;7;0;129583;S;101
1890;2019-01-01;7;0;129583;S;101
1891;2019-01-01;7;0;129583;S;101
1892;2019-01-01;7;0;129583;S;101
1893;2019-01-01;7;0;129583;S;101
1894;2019-01-01;7;0;129583;S;101
1895;2019-01-01;7;0;129583;S;101
1896;2019-01-01;7;0;220289;S;101
1897;2019-01-01;7;0;220289;S;101
1898;2019-01-01;7;0;220289;S;101
1899;2019-01-01;7;0;220289;S;101
1900;2019-01-01;7;0;220289;S;101
1901;2019-01-01;7;0;220289;S;101
1902;2019-01-01;7;0;472976;S;101
1903;2019-01-01;7;0;472976;S;101
1904;2019-01-01;7;0;472976;S;101
1905;2019-01-01;7;0;472976;S;101
1906;2019-01-01;7;0;472976;S;101
1907;2019-01-01;7;0;472976;S;101
1908;2019-01-01;7;0;472976;S;101
1975;2019-01-01;7;0;661655;S;101
1976;2019-01-01;7;0;661655;S;101
1977;2019-01-01;7;0;661655;S;101
2717;2019-01-01;7;0;3435000;S;101
2550;2019-01-01;7;0;611499;S;101
270;2019-01-01;7;0;2384548;S;101
17;2019-01-01;7;0;63800;S;101
2331;2019-01-01;7;0;787800000;S;101
1986;2019-01-01;7;0;60088;S;101
2757;2019-01-01;7;0;9240000;S;101
2726;2019-01-01;7;0;500000;S;101
132;2019-01-01;7;0;795900;S;101
133;2019-01-01;7;0;795900;S;101
2750;2019-01-01;7;0;8180000;S;101
2755;2019-01-01;7;0;8180000;S;101
27;2019-01-01;7;0;101150;S;101
6;2019-01-01;7;0;73315;S;101
327;2019-01-01;7;0;179916;S;101
328;2019-01-01;7;0;179916;S;101
329;2019-01-01;7;0;179916;S;101
330;2019-01-01;7;0;179916;S;101
331;2019-01-01;7;0;179916;S;101
332;2019-01-01;7;0;179916;S;101
333;2019-01-01;7;0;179916;S;101
334;2019-01-01;7;0;179916;S;101
335;2019-01-01;7;0;179916;S;101
1987;2019-01-01;7;0;1125200;S;101
28;2019-01-01;7;0;100000;S;101
260;2019-01-01;7;0;286698;S;101
261;2019-01-01;7;0;286698;S;101
262;2019-01-01;7;0;286698;S;101
263;2019-01-01;7;0;286698;S;101
297;2019-01-01;7;0;1218000;S;101
298;2019-01-01;7;0;1218000;S;101
301;2019-01-01;7;0;1218000;S;101
302;2019-01-01;7;0;1218000;S;101
303;2019-01-01;7;0;1218000;S;101
296;2019-01-01;7;0;1218000;S;101
256;2019-01-01;7;0;500000;S;101
294;2019-01-01;7;0;1150000;S;101
299;2019-01-01;7;0;1218000;S;101
300;2019-01-01;7;0;1218000;S;101
304;2019-01-01;7;0;1218000;S;101
295;2019-01-01;7;0;1150000;S;101
268;2019-01-01;7;0;10556000;S;101
269;2019-01-01;7;0;10556000;S;101
2330;2019-01-01;7;0;31679773;S;101
2118;2019-01-01;7;0;49900;S;101
2100;2019-01-01;7;0;49900;S;101
2101;2019-01-01;7;0;49900;S;101
2102;2019-01-01;7;0;49900;S;101
2103;2019-01-01;7;0;49900;S;101
2104;2019-01-01;7;0;49900;S;101
2105;2019-01-01;7;0;49900;S;101
2106;2019-01-01;7;0;49900;S;101
2107;2019-01-01;7;0;49900;S;101
2108;2019-01-01;7;0;49900;S;101
2109;2019-01-01;7;0;49900;S;101
2110;2019-01-01;7;0;49900;S;101
2111;2019-01-01;7;0;49900;S;101
2112;2019-01-01;7;0;49900;S;101
2113;2019-01-01;7;0;49900;S;101
2114;2019-01-01;7;0;49900;S;101
2115;2019-01-01;7;0;49900;S;101
2116;2019-01-01;7;0;49900;S;101
2117;2019-01-01;7;0;49900;S;101
20;2019-01-01;7;0;281399;S;101
1933;2019-01-01;7;0;239847;S;101
1934;2019-01-01;7;0;239847;S;101
1935;2019-01-01;7;0;239847;S;101
2762;2019-01-01;7;0;9240000;S;101
2552;2019-01-01;7;0;134800;S;101
2754;2019-01-01;7;0;8180000;S;101
2361;2019-01-01;7;0;3061870;S;101
2362;2019-01-01;7;0;3061870;S;101
2363;2019-01-01;7;0;3061870;S;101
2364;2019-01-01;7;0;3061870;S;101
2365;2019-01-01;7;0;3061870;S;101
2366;2019-01-01;7;0;3061870;S;101
2367;2019-01-01;7;0;3061870;S;101
2368;2019-01-01;7;0;3061870;S;101
2369;2019-01-01;7;0;3061870;S;101
2526;2019-01-01;7;0;3229440;S;101
2525;2019-01-01;7;0;340800;S;101
2699;2019-01-01;7;0;1400000;S;101
2700;2019-01-01;7;0;1400000;S;101
2701;2019-01-01;7;0;1400000;S;101
2702;2019-01-01;7;0;1400000;S;101
2703;2019-01-01;7;0;1400000;S;101
2704;2019-01-01;7;0;1400000;S;101
2705;2019-01-01;7;0;1400000;S;101
2706;2019-01-01;7;0;1400000;S;101
2707;2019-01-01;7;0;1400000;S;101
2708;2019-01-01;7;0;1400000;S;101
2709;2019-01-01;7;0;1400000;S;101
2710;2019-01-01;7;0;1400000;S;101
2711;2019-01-01;7;0;1400000;S;101
2498;2019-01-01;7;0;1290000;S;101
2499;2019-01-01;7;0;1290000;S;101
5;2019-01-01;7;0;90000;S;101
2047;2019-01-01;7;0;1200000;S;101
2012;2019-01-01;7;0;1383392;S;101
2058;2019-01-01;7;0;2043565;S;101
2059;2019-01-01;7;0;1800000;S;101
2049;2019-01-01;7;0;3987690;S;101
2050;2019-01-01;7;0;3987690;S;101
2052;2019-01-01;7;0;3987690;S;101
2053;2019-01-01;7;0;3987690;S;101
2054;2019-01-01;7;0;3987690;S;101
2055;2019-01-01;7;0;3987690;S;101
2056;2019-01-01;7;0;3987690;S;101
2057;2019-01-01;7;0;3987690;S;101
2051;2019-01-01;7;0;3987690;S;101
2696;2019-01-01;7;0;1250000;S;101
2357;2019-01-01;7;0;2689400;S;101
135;2019-01-01;7;0;6980000;S;101
148;2019-01-01;7;0;3828000;S;101
228;2019-01-01;7;0;9976000;S;101
2535;2019-01-01;7;0;645696;S;101
2536;2019-01-01;7;0;645696;S;101
2752;2019-01-01;7;0;8180000;S;101
1990;2019-01-01;7;0;87888;S;101
1991;2019-01-01;7;0;87888;S;101
1992;2019-01-01;7;0;87888;S;101
1993;2019-01-01;7;0;87888;S;101
1994;2019-01-01;7;0;87888;S;101
1995;2019-01-01;7;0;87888;S;101
1996;2019-01-01;7;0;87888;S;101
1997;2019-01-01;7;0;87888;S;101
1998;2019-01-01;7;0;87888;S;101
1999;2019-01-01;7;0;87888;S;101
1988;2019-01-01;7;0;312500;S;101
1989;2019-01-01;7;0;312500;S;101
2161;2019-01-01;7;0;2054471;S;101
2164;2019-01-01;7;0;2054471;S;101
2170;2019-01-01;7;0;4559376;S;101
2172;2019-01-01;7;0;4559376;S;101
2173;2019-01-01;7;0;4559376;S;101
2175;2019-01-01;7;0;4559376;S;101
2176;2019-01-01;7;0;1375000;S;101
2177;2019-01-01;7;0;2190500;S;101
2179;2019-01-01;7;0;2190500;S;101
2181;2019-01-01;7;0;3086384;S;101
2182;2019-01-01;7;0;1375000;S;101
2183;2019-01-01;7;0;3086384;S;101
2185;2019-01-01;7;0;1966200;S;101
2187;2019-01-01;7;0;3086384;S;101
2160;2019-01-01;7;0;2054471;S;101
2162;2019-01-01;7;0;2054471;S;101
2163;2019-01-01;7;0;2054471;S;101
2166;2019-01-01;7;0;1345000;S;101
2167;2019-01-01;7;0;1375000;S;101
2168;2019-01-01;7;0;1375000;S;101
2171;2019-01-01;7;0;4559376;S;101
2174;2019-01-01;7;0;4559376;S;101
2178;2019-01-01;7;0;2190500;S;101
2180;2019-01-01;7;0;3086086;S;101
2184;2019-01-01;7;0;3086384;S;101
2186;2019-01-01;7;0;1966200;S;101
2188;2019-01-01;7;0;1720000;S;101
2189;2019-01-01;7;0;2768920;S;101
2190;2019-01-01;7;0;3086384;S;101
2169;2019-01-01;7;0;1375000;S;101
2013;2019-01-01;7;0;2904060;S;101
2014;2019-01-01;7;0;2904060;S;101
2015;2019-01-01;7;0;2904060;S;101
2016;2019-01-01;7;0;2904060;S;101
2165;2019-01-01;7;0;1131000;S;101
2821;2019-01-01;7;0;800000;S;101
2811;2019-01-01;7;0;500000;S;101
2808;2019-01-01;7;0;350000;S;101
2722;2019-01-01;7;0;4800000;S;101
2778;2019-01-01;7;0;500000;S;101
2797;2019-01-01;7;0;800000;S;101
2771;2019-01-01;7;0;450000;S;101
2773;2019-01-01;7;0;450000;S;101
2794;2019-01-01;7;0;450000;S;101
2795;2019-01-01;7;0;450000;S;101
2803;2019-01-01;7;0;450000;S;101
2826;2019-01-01;7;0;450000;S;101
2828;2019-01-01;7;0;450000;S;101
2819;2019-01-01;7;0;450000;S;101
2812;2019-01-01;7;0;450000;S;101
2817;2019-01-01;7;0;450000;S;101
2772;2019-01-01;7;0;450000;S;101
2804;2019-01-01;7;0;450000;S;101
2799;2019-01-01;7;0;450000;S;101
2805;2019-01-01;7;0;2300000;S;101
2832;2019-01-01;7;0;450000;S;101
2814;2019-01-01;7;0;900000;S;101
2823;2019-01-01;7;0;600000;S;101
2777;2019-01-01;7;0;900000;S;101
2820;2019-01-01;7;0;6913600;S;101
2781;2019-01-01;7;0;900000;S;101
2770;2019-01-01;7;0;1500000;S;101
2792;2019-01-01;7;0;1500000;S;101
2830;2019-01-01;7;0;400000;S;101
2818;2019-01-01;7;0;500000;S;101
2824;2019-01-01;7;0;550000;S;101
2800;2019-01-01;7;0;4000000;S;101
2789;2019-01-01;7;0;450000;S;101
2825;2019-01-01;7;0;5000000;S;101
2845;2019-01-01;7;0;450000;S;101
2782;2019-01-01;7;0;1000000;S;101
2807;2019-01-01;7;0;1087464;S;101
2810;2019-01-01;7;0;800000;S;101
2784;2019-01-01;7;0;1600000;S;101
2769;2019-01-01;7;0;2554452;S;101
2791;2019-01-01;7;0;450000;S;101
2827;2019-01-01;7;0;6913600;S;101
2793;2019-01-01;7;0;100000;S;101
2831;2019-01-01;7;0;1600000;S;101
2816;2019-01-01;7;0;500000;S;101
2790;2019-01-01;7;0;300000;S;101
2802;2019-01-01;7;0;4000000;S;101
2774;2019-01-01;7;0;450000;S;101
2815;2019-01-01;7;0;350000;S;101
2798;2019-01-01;7;0;1087464;S;101
2801;2019-01-01;7;0;350000;S;101
2788;2019-01-01;7;0;800000;S;101
2783;2019-01-01;7;0;2500000;S;101
2829;2019-01-01;7;0;8000000;S;101
2787;2019-01-01;7;0;800000;S;101
2833;2019-01-01;7;0;3000000;S;101
2806;2019-01-01;7;0;500000;S;101
2796;2019-01-01;7;0;3000000;S;101
2786;2019-01-01;7;0;1000000;S;101
2779;2019-01-01;7;0;450000;S;101
2809;2019-01-01;7;0;500000;S;101
2780;2019-01-01;7;0;450000;S;101
2785;2019-01-01;7;0;500000;S;101
2822;2019-01-01;7;0;500000;S;101
2378;2019-01-01;7;0;183260;S;101
2766;2019-01-01;7;0;18450000;S;101
2379;2019-01-01;7;0;183260;S;101
2380;2019-01-01;7;0;183260;S;101
2381;2019-01-01;7;0;183260;S;101
2382;2019-01-01;7;0;183260;S;101
2383;2019-01-01;7;0;183260;S;101
2384;2019-01-01;7;0;183260;S;101
2385;2019-01-01;7;0;183260;S;101
2386;2019-01-01;7;0;183260;S;101
2387;2019-01-01;7;0;183260;S;101
2388;2019-01-01;7;0;183260;S;101
2389;2019-01-01;7;0;183260;S;101
2390;2019-01-01;7;0;183260;S;101
2391;2019-01-01;7;0;183260;S;101
2392;2019-01-01;7;0;183260;S;101
2393;2019-01-01;7;0;183260;S;101
2394;2019-01-01;7;0;183260;S;101
2395;2019-01-01;7;0;183260;S;101
2396;2019-01-01;7;0;183260;S;101
2397;2019-01-01;7;0;183260;S;101
2398;2019-01-01;7;0;183260;S;101
2399;2019-01-01;7;0;183260;S;101
2400;2019-01-01;7;0;183260;S;101
2401;2019-01-01;7;0;183260;S;101
2402;2019-01-01;7;0;183260;S;101
2403;2019-01-01;7;0;183260;S;101
2404;2019-01-01;7;0;183260;S;101
2405;2019-01-01;7;0;183260;S;101
2406;2019-01-01;7;0;183260;S;101
2407;2019-01-01;7;0;183260;S;101
2408;2019-01-01;7;0;183260;S;101
2409;2019-01-01;7;0;183260;S;101
2410;2019-01-01;7;0;183260;S;101
2411;2019-01-01;7;0;183260;S;101
2412;2019-01-01;7;0;183260;S;101
2413;2019-01-01;7;0;183260;S;101
2414;2019-01-01;7;0;183260;S;101
2415;2019-01-01;7;0;183260;S;101
2416;2019-01-01;7;0;183260;S;101
2346;2019-01-01;7;0;90000;S;101
2347;2019-01-01;7;0;90000;S;101
2348;2019-01-01;7;0;90000;S;101
2349;2019-01-01;7;0;90000;S;101
2350;2019-01-01;7;0;90000;S;101
2351;2019-01-01;7;0;90000;S;101
2352;2019-01-01;7;0;90000;S;101
2353;2019-01-01;7;0;90000;S;101
8;2019-01-01;7;0;63800;S;101
2315;2019-01-01;7;0;80760;S;101
2316;2019-01-01;7;0;80760;S;101
2317;2019-01-01;7;0;80760;S;101
2318;2019-01-01;7;0;80760;S;101
2319;2019-01-01;7;0;80760;S;101
2320;2019-01-01;7;0;80760;S;101
2321;2019-01-01;7;0;80760;S;101
2322;2019-01-01;7;0;80760;S;101
2323;2019-01-01;7;0;80760;S;101
2324;2019-01-01;7;0;80760;S;101
224;2019-01-01;7;0;2262000;S;101
225;2019-01-01;7;0;2262000;S;101
226;2019-01-01;7;0;2262000;S;101
227;2019-01-01;7;0;2262000;S;101
2334;2019-01-01;7;0;2204960;S;101
2850;2019-01-01;7;0;3352488;S;101
175;2019-01-01;7;0;1044000;S;101
174;2019-01-01;7;0;178050;S;101
176;2019-01-01;7;0;244116;S;101
254;2019-01-01;7;0;1898791;S;101
2745;2019-01-01;7;0;40000000;S;101
2744;2019-01-01;7;0;40000000;S;101
2746;2019-01-01;7;0;40000000;S;101
2733;2019-01-01;7;0;40000000;S;101
2847;2019-01-01;7;0;6000000;S;101
2074;2019-01-01;7;0;581174;S;101
2073;2019-01-01;7;0;581174;S;101
2075;2019-01-01;7;0;581174;S;101
2076;2019-01-01;7;0;581174;S;101
2078;2019-01-01;7;0;581174;S;101
2077;2019-01-01;7;0;581174;S;101
7;2019-01-01;7;0;632896;S;101
339;2019-01-01;7;0;373522;S;101
340;2019-01-01;7;0;373522;S;101
541;2019-01-01;7;0;324800;S;101
347;2019-01-01;7;0;127963;S;101
387;2019-01-01;7;0;2062270;S;101
388;2019-01-01;7;0;2062270;S;101
389;2019-01-01;7;0;2062270;S;101
390;2019-01-01;7;0;2062270;S;101
391;2019-01-01;7;0;2062270;S;101
393;2019-01-01;7;0;2062270;S;101
544;2019-01-01;7;0;2204000;S;101
546;2019-01-01;7;0;2204000;S;101
547;2019-01-01;7;0;2204000;S;101
545;2019-01-01;7;0;2204000;S;101
543;2019-01-01;7;0;2305000;S;101
367;2019-01-01;7;0;2250400;S;101
368;2019-01-01;7;0;2250400;S;101
2728;2019-01-01;7;0;45010650;S;101
305;2019-01-01;7;0;226200;S;101
306;2019-01-01;7;0;226200;S;101
1909;2019-01-01;7;0;983332;S;101
1910;2019-01-01;7;0;983332;S;101
1911;2019-01-01;7;0;983332;S;101
1912;2019-01-01;7;0;983332;S;101
1913;2019-01-01;7;0;983332;S;101
1914;2019-01-01;7;0;983332;S;101
1915;2019-01-01;7;0;481600;S;101
1916;2019-01-01;7;0;2408000;S;101
1917;2019-01-01;7;0;481600;S;101
1918;2019-01-01;7;0;481600;S;101
1919;2019-01-01;7;0;481600;S;101
1920;2019-01-01;7;0;481600;S;101
1924;2019-01-01;7;0;895000;S;101
1925;2019-01-01;7;0;895000;S;101
1926;2019-01-01;7;0;895000;S;101
1927;2019-01-01;7;0;895000;S;101
1928;2019-01-01;7;0;895000;S;101
1929;2019-01-01;7;0;895000;S;101
1930;2019-01-01;7;0;895000;S;101
1931;2019-01-01;7;0;895000;S;101
1932;2019-01-01;7;0;895000;S;101
1923;2019-01-01;7;0;1817100;S;101
1785;2019-01-01;7;0;286701;S;101
1786;2019-01-01;7;0;286701;S;101
1787;2019-01-01;7;0;286701;S;101
1788;2019-01-01;7;0;286701;S;101
1789;2019-01-01;7;0;286701;S;101
1790;2019-01-01;7;0;286701;S;101
1791;2019-01-01;7;0;286701;S;101
1792;2019-01-01;7;0;286701;S;101
1793;2019-01-01;7;0;286701;S;101
1794;2019-01-01;7;0;286701;S;101
1795;2019-01-01;7;0;286701;S;101
1796;2019-01-01;7;0;286701;S;101
1797;2019-01-01;7;0;286701;S;101
1798;2019-01-01;7;0;286701;S;101
1799;2019-01-01;7;0;286701;S;101
1800;2019-01-01;7;0;286701;S;101
1801;2019-01-01;7;0;286701;S;101
1802;2019-01-01;7;0;286701;S;101
1803;2019-01-01;7;0;286701;S;101
1804;2019-01-01;7;0;286701;S;101
1805;2019-01-01;7;0;286701;S;101
1806;2019-01-01;7;0;286701;S;101
1807;2019-01-01;7;0;286701;S;101
1808;2019-01-01;7;0;286701;S;101
1809;2019-01-01;7;0;286701;S;101
1810;2019-01-01;7;0;286701;S;101
1811;2019-01-01;7;0;286701;S;101
1687;2019-01-01;7;0;860103;S;101
1688;2019-01-01;7;0;860103;S;101
1689;2019-01-01;7;0;860103;S;101
1922;2019-01-01;7;0;1817100;S;101
1921;2019-01-01;7;0;1817100;S;101
1784;2019-01-01;7;0;286701;S;101
1690;2019-01-01;7;0;860103;S;101
1691;2019-01-01;7;0;860103;S;101
1692;2019-01-01;7;0;860103;S;101
2000;2019-01-01;7;0;2538191;S;101
2537;2019-01-01;7;0;900400;S;101
2538;2019-01-01;7;0;900400;S;101
1936;2019-01-01;7;0;423732;S;101
1961;2019-01-01;7;0;2241120;S;101
1937;2019-01-01;7;0;423732;S;101
1938;2019-01-01;7;0;423732;S;101
1939;2019-01-01;7;0;381354;S;101
1940;2019-01-01;7;0;381354;S;101
281;2019-01-01;7;0;176400;S;101
282;2019-01-01;7;0;176400;S;101
283;2019-01-01;7;0;176400;S;101
280;2019-01-01;7;0;176400;S;101
273;2019-01-01;7;0;176400;S;101
274;2019-01-01;7;0;176400;S;101
284;2019-01-01;7;0;176400;S;101
277;2019-01-01;7;0;176400;S;101
278;2019-01-01;7;0;176400;S;101
275;2019-01-01;7;0;176400;S;101
276;2019-01-01;7;0;176400;S;101
285;2019-01-01;7;0;176400;S;101
279;2019-01-01;7;0;176400;S;101
2723;2019-01-01;7;0;1700000;S;101
2619;2019-01-01;7;0;792000;S;101
2620;2019-01-01;7;0;11000;S;101
2621;2019-01-01;7;0;11000;S;101
2622;2019-01-01;7;0;11000;S;101
2623;2019-01-01;7;0;11000;S;101
2624;2019-01-01;7;0;11000;S;101
2625;2019-01-01;7;0;11000;S;101
2626;2019-01-01;7;0;11000;S;101
2627;2019-01-01;7;0;11000;S;101
2628;2019-01-01;7;0;11000;S;101
2629;2019-01-01;7;0;11000;S;101
2630;2019-01-01;7;0;11000;S;101
2631;2019-01-01;7;0;11000;S;101
2632;2019-01-01;7;0;11000;S;101
2633;2019-01-01;7;0;11000;S;101
2634;2019-01-01;7;0;11000;S;101
2635;2019-01-01;7;0;11000;S;101
2636;2019-01-01;7;0;11000;S;101
2637;2019-01-01;7;0;11000;S;101
2638;2019-01-01;7;0;11000;S;101
2639;2019-01-01;7;0;11000;S;101
2640;2019-01-01;7;0;11000;S;101
2641;2019-01-01;7;0;11000;S;101
2642;2019-01-01;7;0;11000;S;101
2643;2019-01-01;7;0;11000;S;101
2644;2019-01-01;7;0;11000;S;101
2645;2019-01-01;7;0;11000;S;101
2646;2019-01-01;7;0;11000;S;101
2647;2019-01-01;7;0;11000;S;101
2648;2019-01-01;7;0;11000;S;101
2649;2019-01-01;7;0;11000;S;101
2650;2019-01-01;7;0;11000;S;101
2651;2019-01-01;7;0;11000;S;101
2652;2019-01-01;7;0;11000;S;101
2653;2019-01-01;7;0;11000;S;101
2654;2019-01-01;7;0;11000;S;101
2655;2019-01-01;7;0;11000;S;101
2656;2019-01-01;7;0;11000;S;101
2657;2019-01-01;7;0;11000;S;101
2658;2019-01-01;7;0;11000;S;101
2659;2019-01-01;7;0;11000;S;101
2660;2019-01-01;7;0;11000;S;101
2661;2019-01-01;7;0;11000;S;101
2662;2019-01-01;7;0;11000;S;101
2663;2019-01-01;7;0;11000;S;101
2664;2019-01-01;7;0;11000;S;101
2665;2019-01-01;7;0;11000;S;101
2666;2019-01-01;7;0;11000;S;101
2667;2019-01-01;7;0;11000;S;101
2668;2019-01-01;7;0;11000;S;101
2669;2019-01-01;7;0;11000;S;101
2670;2019-01-01;7;0;11000;S;101
2671;2019-01-01;7;0;11000;S;101
2672;2019-01-01;7;0;11000;S;101
2673;2019-01-01;7;0;11000;S;101
2674;2019-01-01;7;0;11000;S;101
2675;2019-01-01;7;0;11000;S;101
2676;2019-01-01;7;0;11000;S;101
2677;2019-01-01;7;0;11000;S;101
2678;2019-01-01;7;0;11000;S;101
2679;2019-01-01;7;0;11000;S;101
2680;2019-01-01;7;0;11000;S;101
2681;2019-01-01;7;0;11000;S;101
2682;2019-01-01;7;0;11000;S;101
2683;2019-01-01;7;0;11000;S;101
2684;2019-01-01;7;0;11000;S;101
2685;2019-01-01;7;0;11000;S;101
2686;2019-01-01;7;0;11000;S;101
2687;2019-01-01;7;0;11000;S;101
2688;2019-01-01;7;0;11000;S;101
2689;2019-01-01;7;0;11000;S;101
2690;2019-01-01;7;0;11000;S;101
2522;2019-01-01;7;0;326799;S;101
2504;2019-01-01;7;0;2475000;S;101
2697;2019-01-01;7;0;1815000;S;101
2698;2019-01-01;7;0;1815000;S;101
2596;2019-01-01;7;0;1703336;S;101
2597;2019-01-01;7;0;1703336;S;101
2617;2019-01-01;7;0;52000;S;101
2618;2019-01-01;7;0;52000;S;101
2844;2019-01-01;7;0;410589;S;101
2767;2019-01-01;7;0;18450000;S;101
400;2019-01-01;7;0;531533;S;101
401;2019-01-01;7;0;531533;S;101
402;2019-01-01;7;0;531533;S;101
403;2019-01-01;7;0;531533;S;101
404;2019-01-01;7;0;531533;S;101
408;2019-01-01;7;0;481533;S;101
407;2019-01-01;7;0;481533;S;101
363;2019-01-01;7;0;424800;S;101
399;2019-01-01;7;0;531533;S;101
2543;2019-01-01;7;0;1429440;S;101
134;2019-01-01;7;0;188734;S;101
258;2019-01-01;7;0;300000;S;101
259;2019-01-01;7;0;300000;S;101
257;2019-01-01;7;0;300000;S;101
178;2019-01-01;7;0;140294;S;101
2325;2019-01-01;7;0;350000;S;101
2326;2019-01-01;7;0;350000;S;101
2327;2019-01-01;7;0;350000;S;101
2328;2019-01-01;7;0;350000;S;101
2329;2019-01-01;7;0;350000;S;101
2332;2019-01-01;7;0;550116;S;101
2751;2019-01-01;7;0;8180000;S;101
2727;2019-01-01;7;0;150035500;S;101
2542;2019-01-01;7;0;24960;S;101
2603;2019-01-01;7;0;432000;S;101
2604;2019-01-01;7;0;432000;S;101
2605;2019-01-01;7;0;392000;S;101
2602;2019-01-01;7;0;385000;S;101
2506;2019-01-01;7;0;123500;S;101
2507;2019-01-01;7;0;123500;S;101
2508;2019-01-01;7;0;123500;S;101
2509;2019-01-01;7;0;123500;S;101
2510;2019-01-01;7;0;123500;S;101
2511;2019-01-01;7;0;123500;S;101
2512;2019-01-01;7;0;123500;S;101
2513;2019-01-01;7;0;123500;S;101
2514;2019-01-01;7;0;123500;S;101
2515;2019-01-01;7;0;123500;S;101
2516;2019-01-01;7;0;123500;S;101
2517;2019-01-01;7;0;123500;S;101
2518;2019-01-01;7;0;123500;S;101
2519;2019-01-01;7;0;133500;S;101
2520;2019-01-01;7;0;133500;S;101
2521;2019-01-01;7;0;133500;S;101
2555;2019-01-01;7;0;120000;S;101
2556;2019-01-01;7;0;120000;S;101
2557;2019-01-01;7;0;120000;S;101
2558;2019-01-01;7;0;120000;S;101
2559;2019-01-01;7;0;120000;S;101
2560;2019-01-01;7;0;120000;S;101
2561;2019-01-01;7;0;120000;S;101
2562;2019-01-01;7;0;120000;S;101
2563;2019-01-01;7;0;120000;S;101
2564;2019-01-01;7;0;120000;S;101
2565;2019-01-01;7;0;120000;S;101
2566;2019-01-01;7;0;120000;S;101
2567;2019-01-01;7;0;120000;S;101
2568;2019-01-01;7;0;120000;S;101
2763;2019-01-01;7;0;9240000;S;101
271;2019-01-01;7;0;2231000;S;101
272;2019-01-01;7;0;3415000;S;101
2724;2019-01-01;7;0;350000;S;101
26;2019-01-01;7;0;34569;S;101
2335;2019-01-01;7;0;430000;S;101
2130;2019-01-01;7;0;1879200;S;101
2131;2019-01-01;7;0;1879200;S;101
2132;2019-01-01;7;0;1187840;S;101
2133;2019-01-01;7;0;423632;S;101
2134;2019-01-01;7;0;1462377;S;101
2135;2019-01-01;7;0;398000;S;101
2136;2019-01-01;7;0;398000;S;101
2137;2019-01-01;7;0;398000;S;101
2141;2019-01-01;7;0;1206352;S;101
2144;2019-01-01;7;0;1206352;S;101
2147;2019-01-01;7;0;1357777;S;101
2154;2019-01-01;7;0;1150855;S;101
2138;2019-01-01;7;0;1137028;S;101
2142;2019-01-01;7;0;1702880;S;101
2145;2019-01-01;7;0;1206352;S;101
2140;2019-01-01;7;0;1137028;S;101
2146;2019-01-01;7;0;1357777;S;101
2139;2019-01-01;7;0;1137028;S;101
2155;2019-01-01;7;0;1206352;S;101
2151;2019-01-01;7;0;6114458;S;101
2143;2019-01-01;7;0;1206352;S;101
2150;2019-01-01;7;0;2877074;S;101
2148;2019-01-01;7;0;1357777;S;101
2152;2019-01-01;7;0;3721844;S;101
2721;2019-01-01;7;0;550000;S;101
3;2019-01-01;7;0;150000;S;101
2376;2019-01-01;7;0;499800;S;101
24;2019-01-01;7;0;121791;S;101
384;2019-01-01;7;0;300000;S;101
385;2019-01-01;7;0;700000;S;101
2739;2019-01-01;7;0;40000000;S;101
2737;2019-01-01;7;0;40000000;S;101
2731;2019-01-01;7;0;1500000;S;101
25;2019-01-01;7;0;14488;S;101
2776;2019-01-01;7;0;2000000;S;101
2122;2019-01-01;7;0;424395;S;101
2539;2019-01-01;7;0;173568;S;101
2768;2019-01-01;7;0;18450000;S;101
2417;2019-01-01;7;0;74970;S;101
2418;2019-01-01;7;0;74970;S;101
2749;2019-01-01;7;0;8180000;S;101
22;2019-01-01;7;0;40848;S;101
23;2019-01-01;7;0;23990;S;101
153;2019-01-01;7;0;2666000;S;101
1;2019-01-01;7;0;1800000;S;101
449;2019-01-01;7;0;281842;S;101
450;2019-01-01;7;0;281842;S;101
451;2019-01-01;7;0;281842;S;101
452;2019-01-01;7;0;281842;S;101
453;2019-01-01;7;0;281842;S;101
454;2019-01-01;7;0;281842;S;101
455;2019-01-01;7;0;281842;S;101
456;2019-01-01;7;0;281842;S;101
537;2019-01-01;7;0;291562;S;101
538;2019-01-01;7;0;291592;S;101
539;2019-01-01;7;0;291562;S;101
540;2019-01-01;7;0;291562;S;101
448;2019-01-01;7;0;96880;S;101
446;2019-01-01;7;0;137681;S;101
445;2019-01-01;7;0;137681;S;101
447;2019-01-01;7;0;137681;S;101
542;2019-01-01;7;0;597632;S;101
444;2019-01-01;7;0;244339;S;101
441;2019-01-01;7;0;100000;S;101
386;2019-01-01;7;0;6403200;S;101
531;2019-01-01;7;0;90000;S;101
442;2019-01-01;7;0;244339;S;101
443;2019-01-01;7;0;244339;S;101
1964;2019-01-01;7;0;275500;S;101
1965;2019-01-01;7;0;275500;S;101
1966;2019-01-01;7;0;275500;S;101
1967;2019-01-01;7;0;275500;S;101
1968;2019-01-01;7;0;275500;S;101
1969;2019-01-01;7;0;275500;S;101
1970;2019-01-01;7;0;275500;S;101
460;2019-01-01;7;0;399894;S;101
461;2019-01-01;7;0;399894;S;101
462;2019-01-01;7;0;399894;S;101
463;2019-01-01;7;0;399894;S;101
464;2019-01-01;7;0;399894;S;101
465;2019-01-01;7;0;399894;S;101
466;2019-01-01;7;0;399894;S;101
467;2019-01-01;7;0;399894;S;101
468;2019-01-01;7;0;399894;S;101
469;2019-01-01;7;0;399894;S;101
470;2019-01-01;7;0;399894;S;101
471;2019-01-01;7;0;399894;S;101
472;2019-01-01;7;0;399894;S;101
473;2019-01-01;7;0;399894;S;101
474;2019-01-01;7;0;399894;S;101
475;2019-01-01;7;0;399894;S;101
476;2019-01-01;7;0;399894;S;101
477;2019-01-01;7;0;399894;S;101
478;2019-01-01;7;0;399894;S;101
479;2019-01-01;7;0;399894;S;101
480;2019-01-01;7;0;399894;S;101
481;2019-01-01;7;0;399894;S;101
482;2019-01-01;7;0;399894;S;101
483;2019-01-01;7;0;399894;S;101
484;2019-01-01;7;0;399894;S;101
485;2019-01-01;7;0;399894;S;101
486;2019-01-01;7;0;399894;S;101
487;2019-01-01;7;0;399894;S;101
488;2019-01-01;7;0;399894;S;101
489;2019-01-01;7;0;399894;S;101
490;2019-01-01;7;0;399894;S;101
491;2019-01-01;7;0;399894;S;101
492;2019-01-01;7;0;399894;S;101
493;2019-01-01;7;0;399894;S;101
494;2019-01-01;7;0;399894;S;101
495;2019-01-01;7;0;399894;S;101
496;2019-01-01;7;0;399894;S;101
497;2019-01-01;7;0;399894;S;101
498;2019-01-01;7;0;399894;S;101
499;2019-01-01;7;0;399894;S;101
500;2019-01-01;7;0;399894;S;101
501;2019-01-01;7;0;399894;S;101
502;2019-01-01;7;0;399894;S;101
503;2019-01-01;7;0;399894;S;101
504;2019-01-01;7;0;399894;S;101
505;2019-01-01;7;0;399894;S;101
506;2019-01-01;7;0;399894;S;101
507;2019-01-01;7;0;399894;S;101
508;2019-01-01;7;0;399894;S;101
509;2019-01-01;7;0;399894;S;101
510;2019-01-01;7;0;399894;S;101
511;2019-01-01;7;0;399894;S;101
512;2019-01-01;7;0;399894;S;101
513;2019-01-01;7;0;399894;S;101
514;2019-01-01;7;0;399894;S;101
515;2019-01-01;7;0;399894;S;101
516;2019-01-01;7;0;399894;S;101
457;2019-01-01;7;0;348253;S;101
458;2019-01-01;7;0;348253;S;101
459;2019-01-01;7;0;348253;S;101
517;2019-01-01;7;0;41500;S;101
518;2019-01-01;7;0;41500;S;101
519;2019-01-01;7;0;41500;S;101
520;2019-01-01;7;0;41500;S;101
521;2019-01-01;7;0;41500;S;101
522;2019-01-01;7;0;41500;S;101
523;2019-01-01;7;0;41500;S;101
524;2019-01-01;7;0;41500;S;101
525;2019-01-01;7;0;41500;S;101
526;2019-01-01;7;0;41500;S;101
527;2019-01-01;7;0;45000;S;101
528;2019-01-01;7;0;45000;S;101
529;2019-01-01;7;0;45000;S;101
530;2019-01-01;7;0;45000;S;101
532;2019-01-01;7;0;45000;S;101
533;2019-01-01;7;0;45000;S;101
534;2019-01-01;7;0;45000;S;101
535;2019-01-01;7;0;45000;S;101
536;2019-01-01;7;0;2277094;S;101
1963;2019-01-01;7;0;453379;S;101
2691;2019-01-01;7;0;520000;S;101
2692;2019-01-01;7;0;680000;S;101
212;2019-01-01;7;0;664796;S;101
213;2019-01-01;7;0;664796;S;101
214;2019-01-01;7;0;664796;S;101
201;2019-01-01;7;0;968600;S;101
223;2019-01-01;7;0;1044999;S;101
199;2019-01-01;7;0;968600;S;101
186;2019-01-01;7;0;986000;S;101
187;2019-01-01;7;0;812000;S;101
188;2019-01-01;7;0;812000;S;101
189;2019-01-01;7;0;812000;S;101
190;2019-01-01;7;0;812000;S;101
191;2019-01-01;7;0;812000;S;101
192;2019-01-01;7;0;812000;S;101
193;2019-01-01;7;0;812000;S;101
194;2019-01-01;7;0;812000;S;101
195;2019-01-01;7;0;812000;S;101
196;2019-01-01;7;0;812000;S;101
215;2019-01-01;7;0;408320;S;101
216;2019-01-01;7;0;408320;S;101
217;2019-01-01;7;0;408320;S;101
218;2019-01-01;7;0;99528;S;101
219;2019-01-01;7;0;99528;S;101
220;2019-01-01;7;0;99528;S;101
221;2019-01-01;7;0;99528;S;101
222;2019-01-01;7;0;99528;S;101
202;2019-01-01;7;0;968600;S;101
197;2019-01-01;7;0;968600;S;101
205;2019-01-01;7;0;525393;S;101
206;2019-01-01;7;0;525393;S;101
207;2019-01-01;7;0;525393;S;101
208;2019-01-01;7;0;525393;S;101
209;2019-01-01;7;0;525393;S;101
210;2019-01-01;7;0;525393;S;101
198;2019-01-01;7;0;525393;S;101
211;2019-01-01;7;0;611523;S;101
200;2019-01-01;7;0;968600;S;101
184;2019-01-01;7;0;1450000;S;101
185;2019-01-01;7;0;1450000;S;101
203;2019-01-01;7;0;968600;S;101
204;2019-01-01;7;0;968600;S;101
179;2019-01-01;7;0;750000;S;101
180;2019-01-01;7;0;750000;S;101
181;2019-01-01;7;0;750000;S;101
182;2019-01-01;7;0;750000;S;101
183;2019-01-01;7;0;750000;S;101
154;2019-01-01;7;0;80000;S;101
155;2019-01-01;7;0;80000;S;101
156;2019-01-01;7;0;80000;S;101
157;2019-01-01;7;0;80000;S;101
158;2019-01-01;7;0;80000;S;101
159;2019-01-01;7;0;80000;S;101
160;2019-01-01;7;0;80000;S;101
161;2019-01-01;7;0;80000;S;101
144;2019-01-01;7;0;5930000;S;101
145;2019-01-01;7;0;5930000;S;101
146;2019-01-01;7;0;5930000;S;101
147;2019-01-01;7;0;5930000;S;101
136;2019-01-01;7;0;6599999;S;101
137;2019-01-01;7;0;6599999;S;101
138;2019-01-01;7;0;6599999;S;101
139;2019-01-01;7;0;6599999;S;101
140;2019-01-01;7;0;6599999;S;101
141;2019-01-01;7;0;6599999;S;101
142;2019-01-01;7;0;6599999;S;101
143;2019-01-01;7;0;6599999;S;101
341;2019-01-01;7;0;373522;S;101
349;2019-01-01;7;0;2659880;S;101
350;2019-01-01;7;0;324800;S;101
351;2019-01-01;7;0;324800;S;101
352;2019-01-01;7;0;324800;S;101
353;2019-01-01;7;0;324800;S;101
354;2019-01-01;7;0;324800;S;101
355;2019-01-01;7;0;324800;S;101
356;2019-01-01;7;0;324800;S;101
357;2019-01-01;7;0;324800;S;101
358;2019-01-01;7;0;324800;S;101
359;2019-01-01;7;0;324800;S;101
360;2019-01-01;7;0;324800;S;101
361;2019-01-01;7;0;324800;S;101
362;2019-01-01;7;0;324800;S;101
2017;2019-01-01;7;0;3086384;S;101
2018;2019-01-01;7;0;3086384;S;101
2019;2019-01-01;7;0;3086384;S;101
2020;2019-01-01;7;0;3086384;S;101
2021;2019-01-01;7;0;3086384;S;101
2022;2019-01-01;7;0;3086384;S;101
2023;2019-01-01;7;0;3086384;S;101
2024;2019-01-01;7;0;1756900;S;101
2025;2019-01-01;7;0;1756900;S;101
2026;2019-01-01;7;0;1756900;S;101
2027;2019-01-01;7;0;1756900;S;101
2028;2019-01-01;7;0;1756900;S;101
2029;2019-01-01;7;0;2409669;S;101
2030;2019-01-01;7;0;2869000;S;101
2031;2019-01-01;7;0;2869000;S;101
2032;2019-01-01;7;0;2869000;S;101
2033;2019-01-01;7;0;2869000;S;101
2034;2019-01-01;7;0;2869000;S;101
2035;2019-01-01;7;0;2869000;S;101
2036;2019-01-01;7;0;2869000;S;101
2038;2019-01-01;7;0;530086;S;101
2039;2019-01-01;7;0;530086;S;101
2040;2019-01-01;7;0;530086;S;101
2041;2019-01-01;7;0;530086;S;101
2043;2019-01-01;7;0;530086;S;101
2044;2019-01-01;7;0;530086;S;101
2045;2019-01-01;7;0;530086;S;101
2046;2019-01-01;7;0;530086;S;101
2048;2019-01-01;7;0;530086;S;101
2042;2019-01-01;7;0;530086;S;101
2037;2019-01-01;7;0;887400;S;101
149;2019-01-01;7;0;6252400;S;101
150;2019-01-01;7;0;6252400;S;101
151;2019-01-01;7;0;6252400;S;101
2748;2019-01-01;7;0;83200000;S;101
2764;2019-01-01;7;0;9240000;S;101
2241;2019-01-01;7;0;75000;S;101
2242;2019-01-01;7;0;80000;S;101
2243;2019-01-01;7;0;80000;S;101
2244;2019-01-01;7;0;80000;S;101
2245;2019-01-01;7;0;80000;S;101
2246;2019-01-01;7;0;80000;S;101
2247;2019-01-01;7;0;80000;S;101
2248;2019-01-01;7;0;80000;S;101
2249;2019-01-01;7;0;80000;S;101
2250;2019-01-01;7;0;80000;S;101
2251;2019-01-01;7;0;80000;S;101
2252;2019-01-01;7;0;25810;S;101
2253;2019-01-01;7;0;25810;S;101
2254;2019-01-01;7;0;25810;S;101
2255;2019-01-01;7;0;25810;S;101
2256;2019-01-01;7;0;25810;S;101
2257;2019-01-01;7;0;25810;S;101
2258;2019-01-01;7;0;25810;S;101
2259;2019-01-01;7;0;25810;S;101
2260;2019-01-01;7;0;25810;S;101
2261;2019-01-01;7;0;25810;S;101
2262;2019-01-01;7;0;25810;S;101
2264;2019-01-01;7;0;25810;S;101
2267;2019-01-01;7;0;25810;S;101
2268;2019-01-01;7;0;2584;S;101
2269;2019-01-01;7;0;25810;S;101
2271;2019-01-01;7;0;25810;S;101
2272;2019-01-01;7;0;25810;S;101
2273;2019-01-01;7;0;25810;S;101
2275;2019-01-01;7;0;25810;S;101
2276;2019-01-01;7;0;25810;S;101
2277;2019-01-01;7;0;25810;S;101
2278;2019-01-01;7;0;25810;S;101
2279;2019-01-01;7;0;80000;S;101
2280;2019-01-01;7;0;4559376;S;101
2282;2019-01-01;7;0;80000;S;101
2283;2019-01-01;7;0;80000;S;101
2284;2019-01-01;7;0;80000;S;101
2286;2019-01-01;7;0;80000;S;101
2287;2019-01-01;7;0;25810;S;101
2288;2019-01-01;7;0;25810;S;101
2289;2019-01-01;7;0;25810;S;101
2290;2019-01-01;7;0;80000;S;101
2291;2019-01-01;7;0;25810;S;101
2292;2019-01-01;7;0;80000;S;101
2294;2019-01-01;7;0;25810;S;101
2240;2019-01-01;7;0;25810;S;101
2263;2019-01-01;7;0;25810;S;101
2265;2019-01-01;7;0;25810;S;101
2266;2019-01-01;7;0;25810;S;101
2270;2019-01-01;7;0;25810;S;101
2274;2019-01-01;7;0;25810;S;101
2281;2019-01-01;7;0;25810;S;101
2285;2019-01-01;7;0;80000;S;101
2293;2019-01-01;7;0;80000;S;101
1680;2019-01-01;7;0;388918;S;101
1973;2019-01-01;7;0;1392000;S;101
371;2019-01-01;7;0;2320000;S;101
337;2019-01-01;7;0;575000;S;101
336;2019-01-01;7;0;320000;S;101
338;2019-01-01;7;0;300000;S;101
364;2019-01-01;7;0;580000;S;101
18;2019-01-01;7;0;48720;S;101
2333;2019-01-01;7;0;802870;S;101
2740;2019-01-01;7;0;40000000;S;101
2742;2019-01-01;7;0;40000000;S;101
2743;2019-01-01;7;0;40000000;S;101
2736;2019-01-01;7;0;40000000;S;101
2735;2019-01-01;7;0;40000000;S;101
2747;2019-01-01;7;0;40000000;S;101
2523;2019-01-01;7;0;2731680;S;101
2354;2019-01-01;7;0;1505680;S;101
2606;2019-01-01;7;0;1115600;S;101
2607;2019-01-01;7;0;1115600;S;101
2608;2019-01-01;7;0;1115600;S;101
2609;2019-01-01;7;0;1115600;S;101
2610;2019-01-01;7;0;1115600;S;101
2760;2019-01-01;7;0;9240000;S;101
2611;2019-01-01;7;0;18000;S;101
2612;2019-01-01;7;0;18000;S;101
2613;2019-01-01;7;0;18000;S;101
2614;2019-01-01;7;0;18000;S;101
2615;2019-01-01;7;0;18000;S;101
2540;2019-01-01;7;0;39000;S;101
2541;2019-01-01;7;0;39000;S;101
1945;2019-01-01;7;0;287819;S;101
1946;2019-01-01;7;0;287819;S;101
1947;2019-01-01;7;0;287819;S;101
2846;2019-01-01;7;0;6000000;S;101
162;2019-01-01;7;0;242000;S;101
163;2019-01-01;7;0;242000;S;101
2309;2019-01-01;7;0;20880;S;101
2310;2019-01-01;7;0;20880;S;101
2616;2019-01-01;7;0;25400;S;101
2419;2019-01-01;7;0;74970;S;101
2420;2019-01-01;7;0;74970;S;101
2421;2019-01-01;7;0;74970;S;101
2422;2019-01-01;7;0;74970;S;101
2423;2019-01-01;7;0;74970;S;101
2424;2019-01-01;7;0;74970;S;101
2425;2019-01-01;7;0;74970;S;101
2426;2019-01-01;7;0;74970;S;101
2427;2019-01-01;7;0;74970;S;101
2428;2019-01-01;7;0;74970;S;101
2429;2019-01-01;7;0;74970;S;101
2430;2019-01-01;7;0;74970;S;101
2431;2019-01-01;7;0;74970;S;101
2432;2019-01-01;7;0;74970;S;101
2433;2019-01-01;7;0;74970;S;101
2434;2019-01-01;7;0;74970;S;101
2435;2019-01-01;7;0;74970;S;101
2436;2019-01-01;7;0;74970;S;101
2437;2019-01-01;7;0;74970;S;101
2438;2019-01-01;7;0;74970;S;101
2439;2019-01-01;7;0;74970;S;101
2440;2019-01-01;7;0;74970;S;101
2441;2019-01-01;7;0;74970;S;101
2442;2019-01-01;7;0;74970;S;101
2443;2019-01-01;7;0;74970;S;101
2444;2019-01-01;7;0;74970;S;101
2445;2019-01-01;7;0;74970;S;101
2446;2019-01-01;7;0;74970;S;101
2447;2019-01-01;7;0;74970;S;101
2448;2019-01-01;7;0;74970;S;101
2449;2019-01-01;7;0;74970;S;101
2450;2019-01-01;7;0;74970;S;101
2451;2019-01-01;7;0;74970;S;101
2452;2019-01-01;7;0;74970;S;101
2453;2019-01-01;7;0;74970;S;101
2454;2019-01-01;7;0;74970;S;101
2455;2019-01-01;7;0;74970;S;101
2456;2019-01-01;7;0;74970;S;101
2457;2019-01-01;7;0;74970;S;101
2458;2019-01-01;7;0;74970;S;101
2459;2019-01-01;7;0;74970;S;101
2460;2019-01-01;7;0;74970;S;101
2461;2019-01-01;7;0;74970;S;101
2462;2019-01-01;7;0;74970;S;101
2463;2019-01-01;7;0;74970;S;101
2464;2019-01-01;7;0;74970;S;101
2465;2019-01-01;7;0;74970;S;101
2466;2019-01-01;7;0;74970;S;101
2467;2019-01-01;7;0;74970;S;101
2468;2019-01-01;7;0;74970;S;101
2469;2019-01-01;7;0;74970;S;101
2470;2019-01-01;7;0;74970;S;101
2471;2019-01-01;7;0;74970;S;101
2472;2019-01-01;7;0;74970;S;101
2473;2019-01-01;7;0;74970;S;101
2474;2019-01-01;7;0;74970;S;101
2475;2019-01-01;7;0;74970;S;101
2476;2019-01-01;7;0;74970;S;101
2477;2019-01-01;7;0;74970;S;101
2478;2019-01-01;7;0;74970;S;101
2479;2019-01-01;7;0;74970;S;101
2480;2019-01-01;7;0;74970;S;101
2481;2019-01-01;7;0;74970;S;101
2482;2019-01-01;7;0;74970;S;101
2483;2019-01-01;7;0;74970;S;101
2484;2019-01-01;7;0;74970;S;101
2485;2019-01-01;7;0;74970;S;101
2486;2019-01-01;7;0;74970;S;101
2487;2019-01-01;7;0;74970;S;101
2488;2019-01-01;7;0;74970;S;101
2489;2019-01-01;7;0;74970;S;101
2490;2019-01-01;7;0;74970;S;101
2491;2019-01-01;7;0;74970;S;101
2492;2019-01-01;7;0;74970;S;101
2493;2019-01-01;7;0;74970;S;101
2494;2019-01-01;7;0;74970;S;101
2495;2019-01-01;7;0;74970;S;101
2496;2019-01-01;7;0;74970;S;101
2497;2019-01-01;7;0;74970;S;101
2297;2019-01-01;7;0;20880;S;101
2298;2019-01-01;7;0;20880;S;101
2300;2019-01-01;7;0;20880;S;101
2301;2019-01-01;7;0;20880;S;101
2302;2019-01-01;7;0;20880;S;101
2303;2019-01-01;7;0;20880;S;101
2304;2019-01-01;7;0;20880;S;101
2305;2019-01-01;7;0;20880;S;101
2308;2019-01-01;7;0;20880;S;101
2299;2019-01-01;7;0;20880;S;101
2306;2019-01-01;7;0;20880;S;101
2307;2019-01-01;7;0;20880;S;101
2295;2019-01-01;7;0;100000;S;101
2296;2019-01-01;7;0;20880;S;101
15;2019-01-01;7;0;75400;S;101
2734;2019-01-01;7;0;40000000;S;101
2741;2019-01-01;7;0;40000000;S;101
1971;2019-01-01;7;0;111990;S;101
2336;2019-01-01;7;0;27864917;S;101
2358;2019-01-01;7;0;3893680;S;101
33;2019-01-01;7;0;69600;S;101
34;2019-01-01;7;0;69600;S;101
35;2019-01-01;7;0;69600;S;101
36;2019-01-01;7;0;69600;S;101
37;2019-01-01;7;0;69600;S;101
38;2019-01-01;7;0;69600;S;101
39;2019-01-01;7;0;69600;S;101
40;2019-01-01;7;0;69600;S;101
41;2019-01-01;7;0;69600;S;101
42;2019-01-01;7;0;69600;S;101
2079;2019-01-01;7;0;581174;S;101
2080;2019-01-01;7;0;581174;S;101
2081;2019-01-01;7;0;1980000;S;101
2082;2019-01-01;7;0;1569000;S;101
2083;2019-01-01;7;0;1569000;S;101
2084;2019-01-01;7;0;1569000;S;101
2085;2019-01-01;7;0;1569000;S;101
2086;2019-01-01;7;0;1569000;S;101
2087;2019-01-01;7;0;1569000;S;101
2088;2019-01-01;7;0;1569000;S;101
2089;2019-01-01;7;0;1569000;S;101
2090;2019-01-01;7;0;1569000;S;101
2091;2019-01-01;7;0;1569000;S;101
2092;2019-01-01;7;0;1569000;S;101
2093;2019-01-01;7;0;1569000;S;101
2094;2019-01-01;7;0;1569000;S;101
2095;2019-01-01;7;0;1569000;S;101
2096;2019-01-01;7;0;1569000;S;101
2097;2019-01-01;7;0;1569000;S;101
2098;2019-01-01;7;0;1569000;S;101
2099;2019-01-01;7;0;1569000;S;101
2758;2019-01-01;7;0;9240000;S;101
2125;2019-01-01;7;0;7318875;S;101
2595;2019-01-01;7;0;195600;S;101
13;2019-01-01;7;0;191400;S;101
14;2019-01-01;7;0;163560;S;101
1957;2019-01-01;7;0;30933;S;101
1958;2019-01-01;7;0;30933;S;101
1959;2019-01-01;7;0;30933;S;101
348;2019-01-01;7;0;324800;S;101
2060;2019-01-01;7;0;3280875;S;101
2061;2019-01-01;7;0;3280875;S;101
2064;2019-01-01;7;0;3280875;S;101
2065;2019-01-01;7;0;581174;S;101
2066;2019-01-01;7;0;581174;S;101
2067;2019-01-01;7;0;581174;S;101
2068;2019-01-01;7;0;581174;S;101
2070;2019-01-01;7;0;581174;S;101
2062;2019-01-01;7;0;3280875;S;101
2063;2019-01-01;7;0;3280875;S;101
2069;2019-01-01;7;0;581174;S;101
2071;2019-01-01;7;0;1912400;S;101
2072;2019-01-01;7;0;3499557;S;101
2738;2019-01-01;7;0;40000000;S;101
12;2019-01-01;7;0;33640;S;101
406;2019-01-01;7;0;4014267;S;101
366;2019-01-01;7;0;2250400;S;101
365;2019-01-01;7;0;2250400;S;101
370;2019-01-01;7;0;2601938;S;101
369;2019-01-01;7;0;1392000;S;101
392;2019-01-01;7;0;2062270;S;101
1972;2019-01-01;7;0;1102000;S;101
1974;2019-01-01;7;0;4883602;S;101
2729;2019-01-01;7;0;300000;S;101
2120;2019-01-01;7;0;1780000;S;101
2119;2019-01-01;7;0;1276000;S;101
2121;2019-01-01;7;0;785100;S;101
2123;2019-01-01;7;0;580000;S;101
2124;2019-01-01;7;0;580000;S;101
2761;2019-01-01;7;0;9240000;S;101
249;2019-01-01;7;0;995000;S;101
250;2019-01-01;7;0;995000;S;101
251;2019-01-01;7;0;995000;S;101
252;2019-01-01;7;0;995000;S;101
253;2019-01-01;7;0;995000;S;101
229;2019-01-01;7;0;191400;S;101
230;2019-01-01;7;0;191400;S;101
231;2019-01-01;7;0;191400;S;101
232;2019-01-01;7;0;191400;S;101
233;2019-01-01;7;0;191400;S;101
234;2019-01-01;7;0;191400;S;101
235;2019-01-01;7;0;191400;S;101
236;2019-01-01;7;0;191400;S;101
237;2019-01-01;7;0;191400;S;101
238;2019-01-01;7;0;191400;S;101
239;2019-01-01;7;0;191400;S;101
240;2019-01-01;7;0;191400;S;101
241;2019-01-01;7;0;1200000;S;101
242;2019-01-01;7;0;1200000;S;101
243;2019-01-01;7;0;1200000;S;101
244;2019-01-01;7;0;1200000;S;101
245;2019-01-01;7;0;1200000;S;101
246;2019-01-01;7;0;1200000;S;101
247;2019-01-01;7;0;1200000;S;101
248;2019-01-01;7;0;1200000;S;101
2813;2019-01-01;7;0;5000000;S;101
2834;2019-01-01;7;0;1200000;S;101
2835;2019-01-01;7;0;1200000;S;101
2836;2019-01-01;7;0;1200000;S;101
2837;2019-01-01;7;0;1200000;S;101
2838;2019-01-01;7;0;1200000;S;101
2839;2019-01-01;7;0;1200000;S;101
2840;2019-01-01;7;0;1200000;S;101
2841;2019-01-01;7;0;1200000;S;101
2842;2019-01-01;7;0;1200000;S;101
2843;2019-01-01;7;0;1200000;S;101
1949;2019-01-01;7;0;231856;S;101
2127;2019-01-01;7;0;261464;S;101
2128;2019-01-01;7;0;3871373;S;101
2528;2019-01-01;7;0;2054400;S;101
2530;2019-01-01;7;0;9452160;S;101
2594;2019-01-01;7;0;700000;S;101
2712;2019-01-01;7;0;3900000;S;101
2359;2019-01-01;7;0;6662810;S;101
2360;2019-01-01;7;0;6662810;S;101
2500;2019-01-01;7;0;4300000;S;101
2501;2019-01-01;7;0;15000000;S;101
2527;2019-01-01;7;0;1108415;S;101
2529;2019-01-01;7;0;1100000;S;101
2502;2019-01-01;7;0;3000000;S;101
2149;2019-01-01;7;0;2927550;S;101
2153;2019-01-01;7;0;1967260;S;101
152;2019-01-01;7;0;3364999;S;101
4;2019-01-01;7;0;300000;S;101
2009;2019-01-01;7;0;3477680;S;101
2010;2019-01-01;7;0;3477680;S;101
2011;2019-01-01;7;0;6911996;S;101
1622;2019-01-01;7;0;40589;S;101
1623;2019-01-01;7;0;40589;S;101
1624;2019-01-01;7;0;40589;S;101
1625;2019-01-01;7;0;40589;S;101
1626;2019-01-01;7;0;40589;S;101
1627;2019-01-01;7;0;40589;S;101
1628;2019-01-01;7;0;40589;S;101
1629;2019-01-01;7;0;40589;S;101
1630;2019-01-01;7;0;40589;S;101
1631;2019-01-01;7;0;40589;S;101
1632;2019-01-01;7;0;40589;S;101
1633;2019-01-01;7;0;40589;S;101
1634;2019-01-01;7;0;40589;S;101
1635;2019-01-01;7;0;40589;S;101
1636;2019-01-01;7;0;40589;S;101
1637;2019-01-01;7;0;75766;S;101
1638;2019-01-01;7;0;75766;S;101
1639;2019-01-01;7;0;75766;S;101
1640;2019-01-01;7;0;75766;S;101
1641;2019-01-01;7;0;75766;S;101
1642;2019-01-01;7;0;75766;S;101
1643;2019-01-01;7;0;75766;S;101
1644;2019-01-01;7;0;75766;S;101
1645;2019-01-01;7;0;75766;S;101
1646;2019-01-01;7;0;75766;S;101
1647;2019-01-01;7;0;75766;S;101
1648;2019-01-01;7;0;75766;S;101
1649;2019-01-01;7;0;75766;S;101
1650;2019-01-01;7;0;75766;S;101
1651;2019-01-01;7;0;75766;S;101
1652;2019-01-01;7;0;75766;S;101
1653;2019-01-01;7;0;75766;S;101
1654;2019-01-01;7;0;75766;S;101
1655;2019-01-01;7;0;75766;S;101
1656;2019-01-01;7;0;75766;S;101
1657;2019-01-01;7;0;75766;S;101
1658;2019-01-01;7;0;75766;S;101
1659;2019-01-01;7;0;75766;S;101
1660;2019-01-01;7;0;75766;S;101
1661;2019-01-01;7;0;75766;S;101
1662;2019-01-01;7;0;75766;S;101
1663;2019-01-01;7;0;75766;S;101
1664;2019-01-01;7;0;75766;S;101
548;2019-01-01;7;0;226314;S;101
549;2019-01-01;7;0;226314;S;101
550;2019-01-01;7;0;226314;S;101
551;2019-01-01;7;0;226314;S;101
552;2019-01-01;7;0;226314;S;101
553;2019-01-01;7;0;226314;S;101
554;2019-01-01;7;0;226314;S;101
555;2019-01-01;7;0;226314;S;101
556;2019-01-01;7;0;226314;S;101
557;2019-01-01;7;0;226314;S;101
558;2019-01-01;7;0;226314;S;101
559;2019-01-01;7;0;226314;S;101
560;2019-01-01;7;0;226314;S;101
561;2019-01-01;7;0;226314;S;101
562;2019-01-01;7;0;226314;S;101
563;2019-01-01;7;0;226314;S;101
564;2019-01-01;7;0;226314;S;101
565;2019-01-01;7;0;226314;S;101
566;2019-01-01;7;0;226314;S;101
567;2019-01-01;7;0;226314;S;101
568;2019-01-01;7;0;226314;S;101
569;2019-01-01;7;0;226314;S;101
570;2019-01-01;7;0;226314;S;101
571;2019-01-01;7;0;226314;S;101
572;2019-01-01;7;0;226314;S;101
573;2019-01-01;7;0;226314;S;101
574;2019-01-01;7;0;226314;S;101
575;2019-01-01;7;0;226314;S;101
576;2019-01-01;7;0;226314;S;101
577;2019-01-01;7;0;226314;S;101
578;2019-01-01;7;0;226314;S;101
579;2019-01-01;7;0;226314;S;101
580;2019-01-01;7;0;226314;S;101
581;2019-01-01;7;0;226314;S;101
582;2019-01-01;7;0;226314;S;101
583;2019-01-01;7;0;226314;S;101
584;2019-01-01;7;0;226314;S;101
585;2019-01-01;7;0;226314;S;101
586;2019-01-01;7;0;226314;S;101
587;2019-01-01;7;0;226314;S;101
588;2019-01-01;7;0;226314;S;101
589;2019-01-01;7;0;226314;S;101
590;2019-01-01;7;0;226314;S;101
591;2019-01-01;7;0;226314;S;101
592;2019-01-01;7;0;226314;S;101
593;2019-01-01;7;0;226314;S;101
594;2019-01-01;7;0;226314;S;101
595;2019-01-01;7;0;226314;S;101
596;2019-01-01;7;0;226314;S;101
597;2019-01-01;7;0;226314;S;101
598;2019-01-01;7;0;226314;S;101
599;2019-01-01;7;0;226314;S;101
600;2019-01-01;7;0;226314;S;101
601;2019-01-01;7;0;226314;S;101
602;2019-01-01;7;0;226314;S;101
603;2019-01-01;7;0;226314;S;101
604;2019-01-01;7;0;226314;S;101
605;2019-01-01;7;0;226314;S;101
606;2019-01-01;7;0;226314;S;101
607;2019-01-01;7;0;226314;S;101
608;2019-01-01;7;0;226314;S;101
609;2019-01-01;7;0;226314;S;101
610;2019-01-01;7;0;226314;S;101
611;2019-01-01;7;0;226314;S;101
612;2019-01-01;7;0;226314;S;101
430;2019-01-01;7;0;587066;S;101
410;2019-01-01;7;0;587066;S;101
380;2019-01-01;7;0;400200;S;101
429;2019-01-01;7;0;587066;S;101
1410;2019-01-01;7;0;129582;S;101
1411;2019-01-01;7;0;129582;S;101
1412;2019-01-01;7;0;129582;S;101
1413;2019-01-01;7;0;129582;S;101
1414;2019-01-01;7;0;129582;S;101
1415;2019-01-01;7;0;129582;S;101
738;2019-01-01;7;0;198357;S;101
739;2019-01-01;7;0;198357;S;101
740;2019-01-01;7;0;198357;S;101
741;2019-01-01;7;0;198357;S;101
742;2019-01-01;7;0;198357;S;101
743;2019-01-01;7;0;198357;S;101
744;2019-01-01;7;0;198357;S;101
745;2019-01-01;7;0;198357;S;101
746;2019-01-01;7;0;198357;S;101
747;2019-01-01;7;0;198357;S;101
748;2019-01-01;7;0;198357;S;101
749;2019-01-01;7;0;198357;S;101
750;2019-01-01;7;0;198357;S;101
751;2019-01-01;7;0;198357;S;101
752;2019-01-01;7;0;198357;S;101
753;2019-01-01;7;0;198357;S;101
754;2019-01-01;7;0;198357;S;101
755;2019-01-01;7;0;198357;S;101
756;2019-01-01;7;0;198357;S;101
757;2019-01-01;7;0;198357;S;101
758;2019-01-01;7;0;198357;S;101
759;2019-01-01;7;0;198357;S;101
760;2019-01-01;7;0;198357;S;101
761;2019-01-01;7;0;198357;S;101
762;2019-01-01;7;0;198357;S;101
763;2019-01-01;7;0;198357;S;101
764;2019-01-01;7;0;198357;S;101
765;2019-01-01;7;0;198357;S;101
766;2019-01-01;7;0;198357;S;101
767;2019-01-01;7;0;198357;S;101
768;2019-01-01;7;0;198357;S;101
769;2019-01-01;7;0;198357;S;101
770;2019-01-01;7;0;198357;S;101
771;2019-01-01;7;0;198357;S;101
772;2019-01-01;7;0;198357;S;101
773;2019-01-01;7;0;198357;S;101
774;2019-01-01;7;0;198357;S;101
775;2019-01-01;7;0;198357;S;101
776;2019-01-01;7;0;198357;S;101
777;2019-01-01;7;0;198357;S;101
778;2019-01-01;7;0;198357;S;101
779;2019-01-01;7;0;198357;S;101
780;2019-01-01;7;0;198357;S;101
781;2019-01-01;7;0;198357;S;101
782;2019-01-01;7;0;198357;S;101
783;2019-01-01;7;0;198357;S;101
784;2019-01-01;7;0;198357;S;101
785;2019-01-01;7;0;198357;S;101
786;2019-01-01;7;0;198357;S;101
787;2019-01-01;7;0;198357;S;101
788;2019-01-01;7;0;198357;S;101
789;2019-01-01;7;0;198357;S;101
790;2019-01-01;7;0;198357;S;101
791;2019-01-01;7;0;198357;S;101
792;2019-01-01;7;0;198357;S;101
793;2019-01-01;7;0;198357;S;101
794;2019-01-01;7;0;198357;S;101
795;2019-01-01;7;0;198357;S;101
796;2019-01-01;7;0;198357;S;101
797;2019-01-01;7;0;198357;S;101
798;2019-01-01;7;0;198357;S;101
799;2019-01-01;7;0;198357;S;101
800;2019-01-01;7;0;198357;S;101
801;2019-01-01;7;0;198357;S;101
802;2019-01-01;7;0;198357;S;101
803;2019-01-01;7;0;198357;S;101
804;2019-01-01;7;0;198357;S;101
805;2019-01-01;7;0;198357;S;101
806;2019-01-01;7;0;198357;S;101
807;2019-01-01;7;0;198357;S;101
618;2019-01-01;7;0;226314;S;101
613;2019-01-01;7;0;226314;S;101
621;2019-01-01;7;0;226314;S;101
1404;2019-01-01;7;0;138900;S;101
377;2019-01-01;7;0;400200;S;101
1675;2019-01-01;7;0;696000;S;101
372;2019-01-01;7;0;400200;S;101
1665;2019-01-01;7;0;551000;S;101
1674;2019-01-01;7;0;696000;S;101
373;2019-01-01;7;0;400200;S;101
374;2019-01-01;7;0;400200;S;101
1666;2019-01-01;7;0;551000;S;101
1670;2019-01-01;7;0;696000;S;101
381;2019-01-01;7;0;400200;S;101
423;2019-01-01;7;0;587066;S;101
424;2019-01-01;7;0;587066;S;101
425;2019-01-01;7;0;587066;S;101
426;2019-01-01;7;0;587066;S;101
427;2019-01-01;7;0;587066;S;101
428;2019-01-01;7;0;587066;S;101
435;2019-01-01;7;0;226100;S;101
436;2019-01-01;7;0;226100;S;101
375;2019-01-01;7;0;400200;S;101
376;2019-01-01;7;0;400200;S;101
439;2019-01-01;7;0;226100;S;101
440;2019-01-01;7;0;226100;S;101
1672;2019-01-01;7;0;696000;S;101
875;2019-01-01;7;0;165090;S;101
876;2019-01-01;7;0;165090;S;101
877;2019-01-01;7;0;165090;S;101
878;2019-01-01;7;0;165090;S;101
879;2019-01-01;7;0;165090;S;101
880;2019-01-01;7;0;165090;S;101
881;2019-01-01;7;0;165090;S;101
882;2019-01-01;7;0;165090;S;101
883;2019-01-01;7;0;165090;S;101
884;2019-01-01;7;0;165090;S;101
885;2019-01-01;7;0;165090;S;101
886;2019-01-01;7;0;165090;S;101
887;2019-01-01;7;0;165090;S;101
888;2019-01-01;7;0;165090;S;101
889;2019-01-01;7;0;165090;S;101
890;2019-01-01;7;0;165090;S;101
891;2019-01-01;7;0;165090;S;101
892;2019-01-01;7;0;165090;S;101
893;2019-01-01;7;0;165090;S;101
894;2019-01-01;7;0;165090;S;101
895;2019-01-01;7;0;165090;S;101
896;2019-01-01;7;0;165090;S;101
897;2019-01-01;7;0;165090;S;101
898;2019-01-01;7;0;165090;S;101
899;2019-01-01;7;0;165090;S;101
900;2019-01-01;7;0;165090;S;101
901;2019-01-01;7;0;165090;S;101
902;2019-01-01;7;0;165090;S;101
903;2019-01-01;7;0;165090;S;101
904;2019-01-01;7;0;165090;S;101
905;2019-01-01;7;0;165090;S;101
906;2019-01-01;7;0;165090;S;101
907;2019-01-01;7;0;165090;S;101
908;2019-01-01;7;0;165090;S;101
909;2019-01-01;7;0;165090;S;101
910;2019-01-01;7;0;165090;S;101
911;2019-01-01;7;0;165090;S;101
912;2019-01-01;7;0;165090;S;101
913;2019-01-01;7;0;165090;S;101
914;2019-01-01;7;0;165090;S;101
915;2019-01-01;7;0;165090;S;101
916;2019-01-01;7;0;165090;S;101
917;2019-01-01;7;0;165090;S;101
918;2019-01-01;7;0;165090;S;101
919;2019-01-01;7;0;165090;S;101
920;2019-01-01;7;0;165090;S;101
921;2019-01-01;7;0;165090;S;101
922;2019-01-01;7;0;165090;S;101
923;2019-01-01;7;0;165090;S;101
924;2019-01-01;7;0;165090;S;101
925;2019-01-01;7;0;165090;S;101
926;2019-01-01;7;0;165090;S;101
927;2019-01-01;7;0;165090;S;101
928;2019-01-01;7;0;165090;S;101
929;2019-01-01;7;0;165090;S;101
930;2019-01-01;7;0;165090;S;101
931;2019-01-01;7;0;165090;S;101
932;2019-01-01;7;0;165090;S;101
933;2019-01-01;7;0;165090;S;101
934;2019-01-01;7;0;165090;S;101
935;2019-01-01;7;0;165090;S;101
936;2019-01-01;7;0;165090;S;101
937;2019-01-01;7;0;165090;S;101
938;2019-01-01;7;0;165090;S;101
939;2019-01-01;7;0;165090;S;101
940;2019-01-01;7;0;165090;S;101
941;2019-01-01;7;0;165090;S;101
942;2019-01-01;7;0;165090;S;101
943;2019-01-01;7;0;165090;S;101
944;2019-01-01;7;0;165090;S;101
945;2019-01-01;7;0;165090;S;101
946;2019-01-01;7;0;165090;S;101
947;2019-01-01;7;0;165090;S;101
948;2019-01-01;7;0;165090;S;101
949;2019-01-01;7;0;165090;S;101
950;2019-01-01;7;0;165090;S;101
951;2019-01-01;7;0;165090;S;101
952;2019-01-01;7;0;165090;S;101
953;2019-01-01;7;0;165090;S;101
954;2019-01-01;7;0;165090;S;101
955;2019-01-01;7;0;165090;S;101
956;2019-01-01;7;0;165090;S;101
957;2019-01-01;7;0;165090;S;101
958;2019-01-01;7;0;165090;S;101
959;2019-01-01;7;0;165090;S;101
960;2019-01-01;7;0;165090;S;101
961;2019-01-01;7;0;165090;S;101
962;2019-01-01;7;0;165090;S;101
963;2019-01-01;7;0;165090;S;101
964;2019-01-01;7;0;165090;S;101
965;2019-01-01;7;0;165090;S;101
966;2019-01-01;7;0;165090;S;101
967;2019-01-01;7;0;165090;S;101
968;2019-01-01;7;0;165090;S;101
969;2019-01-01;7;0;165090;S;101
970;2019-01-01;7;0;165090;S;101
971;2019-01-01;7;0;165090;S;101
972;2019-01-01;7;0;165090;S;101
973;2019-01-01;7;0;165090;S;101
974;2019-01-01;7;0;165090;S;101
975;2019-01-01;7;0;165090;S;101
976;2019-01-01;7;0;165090;S;101
977;2019-01-01;7;0;165090;S;101
978;2019-01-01;7;0;165090;S;101
979;2019-01-01;7;0;165090;S;101
980;2019-01-01;7;0;165090;S;101
981;2019-01-01;7;0;165090;S;101
982;2019-01-01;7;0;165090;S;101
983;2019-01-01;7;0;165090;S;101
984;2019-01-01;7;0;165090;S;101
985;2019-01-01;7;0;165090;S;101
986;2019-01-01;7;0;165090;S;101
987;2019-01-01;7;0;165090;S;101
988;2019-01-01;7;0;165090;S;101
989;2019-01-01;7;0;165090;S;101
990;2019-01-01;7;0;165090;S;101
991;2019-01-01;7;0;165090;S;101
992;2019-01-01;7;0;165090;S;101
993;2019-01-01;7;0;165090;S;101
994;2019-01-01;7;0;165090;S;101
995;2019-01-01;7;0;165090;S;101
996;2019-01-01;7;0;165090;S;101
997;2019-01-01;7;0;165090;S;101
998;2019-01-01;7;0;165090;S;101
999;2019-01-01;7;0;165090;S;101
1000;2019-01-01;7;0;165090;S;101
1001;2019-01-01;7;0;165090;S;101
1002;2019-01-01;7;0;165090;S;101
1003;2019-01-01;7;0;165090;S;101
1004;2019-01-01;7;0;165090;S;101
1005;2019-01-01;7;0;165090;S;101
1006;2019-01-01;7;0;165090;S;101
1007;2019-01-01;7;0;165090;S;101
1008;2019-01-01;7;0;165090;S;101
1009;2019-01-01;7;0;165090;S;101
1010;2019-01-01;7;0;165090;S;101
1011;2019-01-01;7;0;165090;S;101
1012;2019-01-01;7;0;165090;S;101
1013;2019-01-01;7;0;165090;S;101
1014;2019-01-01;7;0;165090;S;101
1015;2019-01-01;7;0;165090;S;101
1016;2019-01-01;7;0;165090;S;101
1017;2019-01-01;7;0;165090;S;101
1018;2019-01-01;7;0;165090;S;101
1019;2019-01-01;7;0;165090;S;101
1020;2019-01-01;7;0;165090;S;101
1021;2019-01-01;7;0;165090;S;101
1022;2019-01-01;7;0;165090;S;101
1023;2019-01-01;7;0;165090;S;101
1024;2019-01-01;7;0;165090;S;101
1025;2019-01-01;7;0;165090;S;101
1026;2019-01-01;7;0;165090;S;101
1027;2019-01-01;7;0;165090;S;101
1028;2019-01-01;7;0;165090;S;101
1029;2019-01-01;7;0;165090;S;101
1030;2019-01-01;7;0;165090;S;101
1031;2019-01-01;7;0;165090;S;101
1032;2019-01-01;7;0;165090;S;101
1033;2019-01-01;7;0;165090;S;101
1034;2019-01-01;7;0;165090;S;101
1035;2019-01-01;7;0;165090;S;101
1036;2019-01-01;7;0;165090;S;101
1037;2019-01-01;7;0;165090;S;101
1038;2019-01-01;7;0;165090;S;101
1039;2019-01-01;7;0;165090;S;101
1040;2019-01-01;7;0;165090;S;101
1041;2019-01-01;7;0;165090;S;101
1042;2019-01-01;7;0;165090;S;101
1043;2019-01-01;7;0;165090;S;101
1044;2019-01-01;7;0;165090;S;101
1045;2019-01-01;7;0;165090;S;101
1046;2019-01-01;7;0;165090;S;101
1047;2019-01-01;7;0;165090;S;101
1048;2019-01-01;7;0;165090;S;101
1049;2019-01-01;7;0;165090;S;101
1050;2019-01-01;7;0;165090;S;101
1051;2019-01-01;7;0;165090;S;101
1052;2019-01-01;7;0;165090;S;101
1053;2019-01-01;7;0;165090;S;101
1054;2019-01-01;7;0;165090;S;101
1055;2019-01-01;7;0;165090;S;101
1056;2019-01-01;7;0;165090;S;101
1057;2019-01-01;7;0;165090;S;101
1058;2019-01-01;7;0;165090;S;101
1059;2019-01-01;7;0;165090;S;101
1060;2019-01-01;7;0;165090;S;101
1061;2019-01-01;7;0;165090;S;101
1062;2019-01-01;7;0;165090;S;101
1063;2019-01-01;7;0;165090;S;101
1064;2019-01-01;7;0;165090;S;101
1065;2019-01-01;7;0;165090;S;101
1066;2019-01-01;7;0;165090;S;101
1067;2019-01-01;7;0;165090;S;101
1068;2019-01-01;7;0;165090;S;101
1069;2019-01-01;7;0;165090;S;101
1070;2019-01-01;7;0;165090;S;101
1071;2019-01-01;7;0;165090;S;101
1072;2019-01-01;7;0;165090;S;101
1073;2019-01-01;7;0;165090;S;101
1074;2019-01-01;7;0;165090;S;101
1075;2019-01-01;7;0;165090;S;101
1076;2019-01-01;7;0;165090;S;101
1077;2019-01-01;7;0;165090;S;101
1078;2019-01-01;7;0;165090;S;101
1079;2019-01-01;7;0;165090;S;101
1080;2019-01-01;7;0;165090;S;101
1081;2019-01-01;7;0;165090;S;101
1082;2019-01-01;7;0;165090;S;101
1083;2019-01-01;7;0;165090;S;101
1084;2019-01-01;7;0;165090;S;101
1085;2019-01-01;7;0;165090;S;101
1086;2019-01-01;7;0;165090;S;101
1087;2019-01-01;7;0;165090;S;101
1088;2019-01-01;7;0;165090;S;101
1089;2019-01-01;7;0;165090;S;101
1090;2019-01-01;7;0;165090;S;101
1091;2019-01-01;7;0;165090;S;101
1092;2019-01-01;7;0;165090;S;101
1093;2019-01-01;7;0;165090;S;101
1094;2019-01-01;7;0;165090;S;101
1095;2019-01-01;7;0;165090;S;101
1096;2019-01-01;7;0;165090;S;101
1097;2019-01-01;7;0;165090;S;101
1098;2019-01-01;7;0;165090;S;101
1099;2019-01-01;7;0;165090;S;101
1100;2019-01-01;7;0;165090;S;101
1101;2019-01-01;7;0;165090;S;101
1102;2019-01-01;7;0;165090;S;101
1103;2019-01-01;7;0;165090;S;101
1104;2019-01-01;7;0;165090;S;101
1105;2019-01-01;7;0;165090;S;101
1106;2019-01-01;7;0;165090;S;101
1107;2019-01-01;7;0;165090;S;101
1108;2019-01-01;7;0;165090;S;101
1109;2019-01-01;7;0;165090;S;101
1110;2019-01-01;7;0;165090;S;101
1111;2019-01-01;7;0;165090;S;101
1112;2019-01-01;7;0;165090;S;101
1113;2019-01-01;7;0;165090;S;101
1114;2019-01-01;7;0;165090;S;101
1115;2019-01-01;7;0;165090;S;101
1116;2019-01-01;7;0;165090;S;101
1117;2019-01-01;7;0;165090;S;101
1118;2019-01-01;7;0;165090;S;101
1119;2019-01-01;7;0;165090;S;101
1120;2019-01-01;7;0;165090;S;101
1121;2019-01-01;7;0;165090;S;101
1122;2019-01-01;7;0;165090;S;101
1123;2019-01-01;7;0;165090;S;101
1124;2019-01-01;7;0;165090;S;101
1125;2019-01-01;7;0;165090;S;101
1126;2019-01-01;7;0;165090;S;101
1127;2019-01-01;7;0;165090;S;101
1128;2019-01-01;7;0;165090;S;101
1129;2019-01-01;7;0;165090;S;101
1130;2019-01-01;7;0;165090;S;101
1131;2019-01-01;7;0;165090;S;101
1132;2019-01-01;7;0;165090;S;101
1133;2019-01-01;7;0;165090;S;101
1134;2019-01-01;7;0;165090;S;101
1135;2019-01-01;7;0;165090;S;101
1136;2019-01-01;7;0;165090;S;101
1137;2019-01-01;7;0;165090;S;101
1138;2019-01-01;7;0;165090;S;101
1139;2019-01-01;7;0;165090;S;101
1140;2019-01-01;7;0;165090;S;101
1141;2019-01-01;7;0;165090;S;101
1142;2019-01-01;7;0;165090;S;101
1143;2019-01-01;7;0;165090;S;101
1144;2019-01-01;7;0;165090;S;101
1145;2019-01-01;7;0;165090;S;101
1146;2019-01-01;7;0;165090;S;101
1147;2019-01-01;7;0;165090;S;101
1148;2019-01-01;7;0;165090;S;101
1149;2019-01-01;7;0;165090;S;101
1150;2019-01-01;7;0;165090;S;101
1151;2019-01-01;7;0;165090;S;101
1152;2019-01-01;7;0;165090;S;101
1153;2019-01-01;7;0;165090;S;101
1154;2019-01-01;7;0;165090;S;101
1155;2019-01-01;7;0;165090;S;101
1156;2019-01-01;7;0;165090;S;101
1157;2019-01-01;7;0;165090;S;101
1158;2019-01-01;7;0;165090;S;101
1159;2019-01-01;7;0;165090;S;101
1160;2019-01-01;7;0;165090;S;101
1161;2019-01-01;7;0;165090;S;101
1162;2019-01-01;7;0;165090;S;101
1163;2019-01-01;7;0;165090;S;101
1164;2019-01-01;7;0;165090;S;101
1165;2019-01-01;7;0;165090;S;101
1166;2019-01-01;7;0;165090;S;101
1167;2019-01-01;7;0;165090;S;101
1168;2019-01-01;7;0;165090;S;101
1169;2019-01-01;7;0;165090;S;101
1170;2019-01-01;7;0;165090;S;101
1171;2019-01-01;7;0;165090;S;101
1172;2019-01-01;7;0;165090;S;101
1173;2019-01-01;7;0;165090;S;101
1174;2019-01-01;7;0;165090;S;101
1175;2019-01-01;7;0;165090;S;101
1176;2019-01-01;7;0;165090;S;101
1177;2019-01-01;7;0;165090;S;101
1178;2019-01-01;7;0;165090;S;101
1179;2019-01-01;7;0;165090;S;101
1180;2019-01-01;7;0;165090;S;101
1181;2019-01-01;7;0;165090;S;101
1182;2019-01-01;7;0;165090;S;101
1183;2019-01-01;7;0;165090;S;101
1184;2019-01-01;7;0;165090;S;101
1185;2019-01-01;7;0;165090;S;101
1186;2019-01-01;7;0;165090;S;101
1187;2019-01-01;7;0;165090;S;101
1188;2019-01-01;7;0;165090;S;101
1189;2019-01-01;7;0;165090;S;101
1190;2019-01-01;7;0;165090;S;101
1191;2019-01-01;7;0;165090;S;101
1192;2019-01-01;7;0;165090;S;101
1193;2019-01-01;7;0;165090;S;101
1194;2019-01-01;7;0;165090;S;101
1195;2019-01-01;7;0;165090;S;101
1196;2019-01-01;7;0;165090;S;101
1197;2019-01-01;7;0;165090;S;101
1198;2019-01-01;7;0;165090;S;101
1199;2019-01-01;7;0;165090;S;101
1200;2019-01-01;7;0;165090;S;101
1201;2019-01-01;7;0;165090;S;101
1202;2019-01-01;7;0;165090;S;101
1203;2019-01-01;7;0;165090;S;101
1204;2019-01-01;7;0;165090;S;101
1205;2019-01-01;7;0;165090;S;101
1206;2019-01-01;7;0;165090;S;101
1207;2019-01-01;7;0;165090;S;101
1208;2019-01-01;7;0;165090;S;101
1209;2019-01-01;7;0;165090;S;101
1210;2019-01-01;7;0;165090;S;101
1211;2019-01-01;7;0;165090;S;101
1212;2019-01-01;7;0;165090;S;101
1213;2019-01-01;7;0;165090;S;101
1214;2019-01-01;7;0;165090;S;101
1215;2019-01-01;7;0;165090;S;101
1216;2019-01-01;7;0;165090;S;101
1217;2019-01-01;7;0;165090;S;101
1218;2019-01-01;7;0;165090;S;101
1219;2019-01-01;7;0;165090;S;101
1220;2019-01-01;7;0;165090;S;101
1221;2019-01-01;7;0;165090;S;101
1222;2019-01-01;7;0;165090;S;101
1223;2019-01-01;7;0;165090;S;101
1224;2019-01-01;7;0;165090;S;101
1225;2019-01-01;7;0;165090;S;101
1226;2019-01-01;7;0;165090;S;101
1227;2019-01-01;7;0;165090;S;101
1228;2019-01-01;7;0;165090;S;101
1229;2019-01-01;7;0;165090;S;101
1230;2019-01-01;7;0;165090;S;101
1231;2019-01-01;7;0;165090;S;101
1232;2019-01-01;7;0;165090;S;101
1233;2019-01-01;7;0;165090;S;101
1234;2019-01-01;7;0;165090;S;101
1235;2019-01-01;7;0;165090;S;101
1236;2019-01-01;7;0;165090;S;101
1237;2019-01-01;7;0;165090;S;101
1238;2019-01-01;7;0;165090;S;101
1239;2019-01-01;7;0;165090;S;101
1240;2019-01-01;7;0;165090;S;101
1241;2019-01-01;7;0;165090;S;101
1242;2019-01-01;7;0;165090;S;101
1243;2019-01-01;7;0;165090;S;101
1244;2019-01-01;7;0;165090;S;101
1245;2019-01-01;7;0;165090;S;101
1246;2019-01-01;7;0;165090;S;101
1247;2019-01-01;7;0;165090;S;101
1248;2019-01-01;7;0;165090;S;101
1249;2019-01-01;7;0;165090;S;101
1250;2019-01-01;7;0;165090;S;101
1251;2019-01-01;7;0;165090;S;101
1252;2019-01-01;7;0;165090;S;101
1253;2019-01-01;7;0;165090;S;101
1254;2019-01-01;7;0;165090;S;101
1255;2019-01-01;7;0;165090;S;101
1256;2019-01-01;7;0;165090;S;101
1257;2019-01-01;7;0;165090;S;101
1258;2019-01-01;7;0;165090;S;101
1259;2019-01-01;7;0;165090;S;101
1260;2019-01-01;7;0;165090;S;101
1261;2019-01-01;7;0;165090;S;101
1262;2019-01-01;7;0;165090;S;101
1263;2019-01-01;7;0;165090;S;101
1264;2019-01-01;7;0;165090;S;101
1265;2019-01-01;7;0;165090;S;101
1266;2019-01-01;7;0;165090;S;101
1267;2019-01-01;7;0;165090;S;101
1268;2019-01-01;7;0;165090;S;101
1269;2019-01-01;7;0;165090;S;101
1270;2019-01-01;7;0;165090;S;101
1271;2019-01-01;7;0;165090;S;101
1272;2019-01-01;7;0;165090;S;101
1273;2019-01-01;7;0;165090;S;101
1274;2019-01-01;7;0;165090;S;101
1275;2019-01-01;7;0;165090;S;101
1276;2019-01-01;7;0;165090;S;101
1277;2019-01-01;7;0;165090;S;101
1278;2019-01-01;7;0;165090;S;101
1279;2019-01-01;7;0;165090;S;101
1280;2019-01-01;7;0;165090;S;101
1281;2019-01-01;7;0;165090;S;101
1282;2019-01-01;7;0;165090;S;101
1283;2019-01-01;7;0;165090;S;101
1284;2019-01-01;7;0;165090;S;101
1285;2019-01-01;7;0;165090;S;101
1286;2019-01-01;7;0;165090;S;101
1287;2019-01-01;7;0;165090;S;101
1288;2019-01-01;7;0;165090;S;101
1289;2019-01-01;7;0;165090;S;101
1290;2019-01-01;7;0;165090;S;101
1291;2019-01-01;7;0;165090;S;101
1292;2019-01-01;7;0;165090;S;101
1293;2019-01-01;7;0;165090;S;101
1294;2019-01-01;7;0;165090;S;101
1295;2019-01-01;7;0;165090;S;101
1296;2019-01-01;7;0;165090;S;101
1297;2019-01-01;7;0;165090;S;101
1298;2019-01-01;7;0;165090;S;101
1299;2019-01-01;7;0;165090;S;101
1300;2019-01-01;7;0;165090;S;101
1301;2019-01-01;7;0;165090;S;101
1302;2019-01-01;7;0;165090;S;101
1303;2019-01-01;7;0;165090;S;101
1304;2019-01-01;7;0;165090;S;101
1305;2019-01-01;7;0;165090;S;101
1306;2019-01-01;7;0;165090;S;101
1307;2019-01-01;7;0;165090;S;101
1308;2019-01-01;7;0;165090;S;101
1309;2019-01-01;7;0;165090;S;101
1310;2019-01-01;7;0;165090;S;101
1311;2019-01-01;7;0;165090;S;101
1312;2019-01-01;7;0;165090;S;101
1313;2019-01-01;7;0;165090;S;101
1314;2019-01-01;7;0;165090;S;101
1315;2019-01-01;7;0;165090;S;101
1316;2019-01-01;7;0;165090;S;101
1317;2019-01-01;7;0;165090;S;101
1318;2019-01-01;7;0;165090;S;101
1319;2019-01-01;7;0;165090;S;101
1320;2019-01-01;7;0;165090;S;101
1321;2019-01-01;7;0;165090;S;101
1322;2019-01-01;7;0;165090;S;101
1323;2019-01-01;7;0;165090;S;101
1324;2019-01-01;7;0;165090;S;101
1325;2019-01-01;7;0;165090;S;101
1326;2019-01-01;7;0;165090;S;101
1327;2019-01-01;7;0;165090;S;101
1328;2019-01-01;7;0;165090;S;101
1329;2019-01-01;7;0;165090;S;101
1330;2019-01-01;7;0;165090;S;101
1331;2019-01-01;7;0;165090;S;101
1332;2019-01-01;7;0;165090;S;101
1333;2019-01-01;7;0;165090;S;101
1334;2019-01-01;7;0;165090;S;101
1335;2019-01-01;7;0;165090;S;101
1336;2019-01-01;7;0;165090;S;101
1337;2019-01-01;7;0;165090;S;101
1338;2019-01-01;7;0;165090;S;101
1339;2019-01-01;7;0;165090;S;101
1340;2019-01-01;7;0;165090;S;101
1341;2019-01-01;7;0;165090;S;101
1342;2019-01-01;7;0;165090;S;101
1343;2019-01-01;7;0;165090;S;101
1344;2019-01-01;7;0;165090;S;101
1345;2019-01-01;7;0;165090;S;101
1346;2019-01-01;7;0;165090;S;101
1347;2019-01-01;7;0;165090;S;101
1348;2019-01-01;7;0;165090;S;101
1349;2019-01-01;7;0;165090;S;101
1350;2019-01-01;7;0;165090;S;101
1351;2019-01-01;7;0;165090;S;101
1352;2019-01-01;7;0;165090;S;101
1353;2019-01-01;7;0;165090;S;101
1354;2019-01-01;7;0;165090;S;101
1355;2019-01-01;7;0;165090;S;101
1356;2019-01-01;7;0;165090;S;101
1357;2019-01-01;7;0;165090;S;101
1358;2019-01-01;7;0;165090;S;101
1359;2019-01-01;7;0;165090;S;101
1360;2019-01-01;7;0;165090;S;101
1361;2019-01-01;7;0;165090;S;101
1362;2019-01-01;7;0;165090;S;101
1363;2019-01-01;7;0;165090;S;101
1364;2019-01-01;7;0;165090;S;101
1365;2019-01-01;7;0;165090;S;101
1366;2019-01-01;7;0;165090;S;101
1367;2019-01-01;7;0;165090;S;101
1368;2019-01-01;7;0;165090;S;101
1369;2019-01-01;7;0;165090;S;101
1370;2019-01-01;7;0;165090;S;101
1371;2019-01-01;7;0;165090;S;101
1372;2019-01-01;7;0;165090;S;101
1373;2019-01-01;7;0;165090;S;101
1374;2019-01-01;7;0;165090;S;101
1375;2019-01-01;7;0;165090;S;101
1376;2019-01-01;7;0;165090;S;101
1377;2019-01-01;7;0;165090;S;101
1378;2019-01-01;7;0;165090;S;101
1379;2019-01-01;7;0;165090;S;101
1380;2019-01-01;7;0;165090;S;101
1381;2019-01-01;7;0;165090;S;101
1382;2019-01-01;7;0;165090;S;101
1383;2019-01-01;7;0;165090;S;101
1384;2019-01-01;7;0;165090;S;101
1385;2019-01-01;7;0;165090;S;101
1386;2019-01-01;7;0;165090;S;101
1387;2019-01-01;7;0;165090;S;101
1388;2019-01-01;7;0;165090;S;101
1389;2019-01-01;7;0;165090;S;101
1390;2019-01-01;7;0;165090;S;101
1391;2019-01-01;7;0;165090;S;101
1392;2019-01-01;7;0;165090;S;101
1393;2019-01-01;7;0;165090;S;101
1394;2019-01-01;7;0;165090;S;101
1395;2019-01-01;7;0;165090;S;101
1396;2019-01-01;7;0;165090;S;101
1397;2019-01-01;7;0;165090;S;101
808;2019-01-01;7;0;165090;S;101
809;2019-01-01;7;0;165090;S;101
810;2019-01-01;7;0;165090;S;101
811;2019-01-01;7;0;165090;S;101
812;2019-01-01;7;0;165090;S;101
813;2019-01-01;7;0;165090;S;101
814;2019-01-01;7;0;165090;S;101
815;2019-01-01;7;0;165090;S;101
816;2019-01-01;7;0;165090;S;101
817;2019-01-01;7;0;165090;S;101
818;2019-01-01;7;0;165090;S;101
819;2019-01-01;7;0;165090;S;101
820;2019-01-01;7;0;165090;S;101
821;2019-01-01;7;0;165090;S;101
822;2019-01-01;7;0;165090;S;101
823;2019-01-01;7;0;165090;S;101
824;2019-01-01;7;0;165090;S;101
825;2019-01-01;7;0;165090;S;101
826;2019-01-01;7;0;165090;S;101
827;2019-01-01;7;0;165090;S;101
828;2019-01-01;7;0;165090;S;101
829;2019-01-01;7;0;165090;S;101
830;2019-01-01;7;0;165090;S;101
831;2019-01-01;7;0;165090;S;101
832;2019-01-01;7;0;165090;S;101
833;2019-01-01;7;0;165090;S;101
834;2019-01-01;7;0;165090;S;101
835;2019-01-01;7;0;165090;S;101
836;2019-01-01;7;0;165090;S;101
837;2019-01-01;7;0;165090;S;101
838;2019-01-01;7;0;165090;S;101
839;2019-01-01;7;0;165090;S;101
840;2019-01-01;7;0;165090;S;101
841;2019-01-01;7;0;165090;S;101
842;2019-01-01;7;0;165090;S;101
843;2019-01-01;7;0;165090;S;101
844;2019-01-01;7;0;165090;S;101
845;2019-01-01;7;0;165090;S;101
846;2019-01-01;7;0;165090;S;101
847;2019-01-01;7;0;165090;S;101
848;2019-01-01;7;0;165090;S;101
849;2019-01-01;7;0;165090;S;101
850;2019-01-01;7;0;165090;S;101
851;2019-01-01;7;0;165090;S;101
852;2019-01-01;7;0;165090;S;101
853;2019-01-01;7;0;165090;S;101
854;2019-01-01;7;0;165090;S;101
855;2019-01-01;7;0;165090;S;101
856;2019-01-01;7;0;165090;S;101
857;2019-01-01;7;0;165090;S;101
858;2019-01-01;7;0;165090;S;101
859;2019-01-01;7;0;165090;S;101
860;2019-01-01;7;0;165090;S;101
861;2019-01-01;7;0;165090;S;101
862;2019-01-01;7;0;165090;S;101
863;2019-01-01;7;0;165090;S;101
864;2019-01-01;7;0;165090;S;101
865;2019-01-01;7;0;165090;S;101
866;2019-01-01;7;0;165090;S;101
867;2019-01-01;7;0;165090;S;101
868;2019-01-01;7;0;165090;S;101
869;2019-01-01;7;0;165090;S;101
870;2019-01-01;7;0;165090;S;101
871;2019-01-01;7;0;165090;S;101
872;2019-01-01;7;0;165090;S;101
873;2019-01-01;7;0;165090;S;101
874;2019-01-01;7;0;165090;S;101
723;2019-01-01;7;0;198357;S;101
724;2019-01-01;7;0;198357;S;101
725;2019-01-01;7;0;198357;S;101
726;2019-01-01;7;0;198357;S;101
727;2019-01-01;7;0;198357;S;101
728;2019-01-01;7;0;198357;S;101
729;2019-01-01;7;0;198357;S;101
730;2019-01-01;7;0;198357;S;101
731;2019-01-01;7;0;198357;S;101
732;2019-01-01;7;0;198357;S;101
733;2019-01-01;7;0;198357;S;101
734;2019-01-01;7;0;198357;S;101
735;2019-01-01;7;0;198357;S;101
736;2019-01-01;7;0;198357;S;101
737;2019-01-01;7;0;198357;S;101
433;2019-01-01;7;0;226100;S;101
434;2019-01-01;7;0;226100;S;101
623;2019-01-01;7;0;631715;S;101
624;2019-01-01;7;0;631715;S;101
625;2019-01-01;7;0;631715;S;101
626;2019-01-01;7;0;631715;S;101
627;2019-01-01;7;0;631715;S;101
628;2019-01-01;7;0;631715;S;101
629;2019-01-01;7;0;631715;S;101
630;2019-01-01;7;0;631715;S;101
631;2019-01-01;7;0;631715;S;101
620;2019-01-01;7;0;226314;S;101
614;2019-01-01;7;0;226314;S;101
615;2019-01-01;7;0;226314;S;101
616;2019-01-01;7;0;226314;S;101
619;2019-01-01;7;0;226314;S;101
622;2019-01-01;7;0;631715;S;101
1398;2019-01-01;7;0;380649;S;101
1399;2019-01-01;7;0;380649;S;101
1400;2019-01-01;7;0;380649;S;101
1673;2019-01-01;7;0;696000;S;101
1676;2019-01-01;7;0;696000;S;101
1671;2019-01-01;7;0;696000;S;101
409;2019-01-01;7;0;587066;S;101
1405;2019-01-01;7;0;129582;S;101
1406;2019-01-01;7;0;129582;S;101
1407;2019-01-01;7;0;129582;S;101
1408;2019-01-01;7;0;129582;S;101
1409;2019-01-01;7;0;129582;S;101
1560;2019-01-01;7;0;13920;S;101
1561;2019-01-01;7;0;13920;S;101
1562;2019-01-01;7;0;13920;S;101
1563;2019-01-01;7;0;13920;S;101
1564;2019-01-01;7;0;13920;S;101
1565;2019-01-01;7;0;13920;S;101
633;2019-01-01;7;0;198357;S;101
634;2019-01-01;7;0;198357;S;101
635;2019-01-01;7;0;198357;S;101
636;2019-01-01;7;0;198357;S;101
637;2019-01-01;7;0;198357;S;101
638;2019-01-01;7;0;198357;S;101
639;2019-01-01;7;0;198357;S;101
640;2019-01-01;7;0;198357;S;101
641;2019-01-01;7;0;198357;S;101
642;2019-01-01;7;0;198357;S;101
643;2019-01-01;7;0;198357;S;101
644;2019-01-01;7;0;198357;S;101
645;2019-01-01;7;0;198357;S;101
646;2019-01-01;7;0;198357;S;101
647;2019-01-01;7;0;198357;S;101
648;2019-01-01;7;0;198357;S;101
649;2019-01-01;7;0;198357;S;101
650;2019-01-01;7;0;198357;S;101
651;2019-01-01;7;0;198357;S;101
652;2019-01-01;7;0;198357;S;101
653;2019-01-01;7;0;198357;S;101
654;2019-01-01;7;0;198357;S;101
655;2019-01-01;7;0;198357;S;101
656;2019-01-01;7;0;198357;S;101
657;2019-01-01;7;0;198357;S;101
658;2019-01-01;7;0;198357;S;101
659;2019-01-01;7;0;198357;S;101
660;2019-01-01;7;0;198357;S;101
661;2019-01-01;7;0;198357;S;101
662;2019-01-01;7;0;198357;S;101
663;2019-01-01;7;0;198357;S;101
664;2019-01-01;7;0;198357;S;101
665;2019-01-01;7;0;198357;S;101
666;2019-01-01;7;0;198357;S;101
667;2019-01-01;7;0;198357;S;101
668;2019-01-01;7;0;198357;S;101
669;2019-01-01;7;0;198357;S;101
670;2019-01-01;7;0;198357;S;101
671;2019-01-01;7;0;198357;S;101
672;2019-01-01;7;0;198357;S;101
673;2019-01-01;7;0;198357;S;101
674;2019-01-01;7;0;198357;S;101
675;2019-01-01;7;0;198357;S;101
676;2019-01-01;7;0;198357;S;101
677;2019-01-01;7;0;198357;S;101
678;2019-01-01;7;0;198357;S;101
679;2019-01-01;7;0;198357;S;101
680;2019-01-01;7;0;198357;S;101
681;2019-01-01;7;0;198357;S;101
682;2019-01-01;7;0;198357;S;101
683;2019-01-01;7;0;198357;S;101
684;2019-01-01;7;0;198357;S;101
685;2019-01-01;7;0;198357;S;101
686;2019-01-01;7;0;198357;S;101
687;2019-01-01;7;0;198357;S;101
688;2019-01-01;7;0;198357;S;101
689;2019-01-01;7;0;198357;S;101
690;2019-01-01;7;0;198357;S;101
691;2019-01-01;7;0;198357;S;101
692;2019-01-01;7;0;198357;S;101
693;2019-01-01;7;0;198357;S;101
694;2019-01-01;7;0;198357;S;101
695;2019-01-01;7;0;198357;S;101
696;2019-01-01;7;0;198357;S;101
697;2019-01-01;7;0;198357;S;101
698;2019-01-01;7;0;198357;S;101
699;2019-01-01;7;0;198357;S;101
700;2019-01-01;7;0;198357;S;101
701;2019-01-01;7;0;198357;S;101
702;2019-01-01;7;0;198357;S;101
703;2019-01-01;7;0;198357;S;101
704;2019-01-01;7;0;198357;S;101
705;2019-01-01;7;0;198357;S;101
706;2019-01-01;7;0;198357;S;101
707;2019-01-01;7;0;198357;S;101
708;2019-01-01;7;0;198357;S;101
709;2019-01-01;7;0;198357;S;101
710;2019-01-01;7;0;198357;S;101
711;2019-01-01;7;0;198357;S;101
712;2019-01-01;7;0;198357;S;101
713;2019-01-01;7;0;198357;S;101
714;2019-01-01;7;0;198357;S;101
715;2019-01-01;7;0;198357;S;101
716;2019-01-01;7;0;198357;S;101
717;2019-01-01;7;0;198357;S;101
718;2019-01-01;7;0;198357;S;101
719;2019-01-01;7;0;198357;S;101
720;2019-01-01;7;0;198357;S;101
721;2019-01-01;7;0;198357;S;101
722;2019-01-01;7;0;198357;S;101
1667;2019-01-01;7;0;495900;S;101
1668;2019-01-01;7;0;495900;S;101
1416;2019-01-01;7;0;145780;S;101
1417;2019-01-01;7;0;145780;S;101
1418;2019-01-01;7;0;145780;S;101
1419;2019-01-01;7;0;145780;S;101
1420;2019-01-01;7;0;145780;S;101
1421;2019-01-01;7;0;145780;S;101
1422;2019-01-01;7;0;145780;S;101
1423;2019-01-01;7;0;145780;S;101
1424;2019-01-01;7;0;145780;S;101
1425;2019-01-01;7;0;145780;S;101
1426;2019-01-01;7;0;145780;S;101
1427;2019-01-01;7;0;145780;S;101
1428;2019-01-01;7;0;145780;S;101
1429;2019-01-01;7;0;145780;S;101
1430;2019-01-01;7;0;145780;S;101
1431;2019-01-01;7;0;145780;S;101
1432;2019-01-01;7;0;145780;S;101
1433;2019-01-01;7;0;145780;S;101
1434;2019-01-01;7;0;145780;S;101
1435;2019-01-01;7;0;145780;S;101
1436;2019-01-01;7;0;145780;S;101
1437;2019-01-01;7;0;145780;S;101
1438;2019-01-01;7;0;145780;S;101
1439;2019-01-01;7;0;145780;S;101
1440;2019-01-01;7;0;13920;S;101
1441;2019-01-01;7;0;13920;S;101
1442;2019-01-01;7;0;13920;S;101
1443;2019-01-01;7;0;13920;S;101
1444;2019-01-01;7;0;13920;S;101
1445;2019-01-01;7;0;13920;S;101
1446;2019-01-01;7;0;13920;S;101
1447;2019-01-01;7;0;13920;S;101
1448;2019-01-01;7;0;13920;S;101
1449;2019-01-01;7;0;13920;S;101
1450;2019-01-01;7;0;13920;S;101
1451;2019-01-01;7;0;13920;S;101
1452;2019-01-01;7;0;13920;S;101
1453;2019-01-01;7;0;13920;S;101
1454;2019-01-01;7;0;13920;S;101
1455;2019-01-01;7;0;13920;S;101
1456;2019-01-01;7;0;13920;S;101
1457;2019-01-01;7;0;13920;S;101
1458;2019-01-01;7;0;13920;S;101
1459;2019-01-01;7;0;13920;S;101
1460;2019-01-01;7;0;13920;S;101
1461;2019-01-01;7;0;13920;S;101
1462;2019-01-01;7;0;13920;S;101
1463;2019-01-01;7;0;13920;S;101
1464;2019-01-01;7;0;13920;S;101
1465;2019-01-01;7;0;13920;S;101
1466;2019-01-01;7;0;13920;S;101
1467;2019-01-01;7;0;13920;S;101
1468;2019-01-01;7;0;13920;S;101
1469;2019-01-01;7;0;13920;S;101
1470;2019-01-01;7;0;13920;S;101
1471;2019-01-01;7;0;13920;S;101
1472;2019-01-01;7;0;13920;S;101
1473;2019-01-01;7;0;13920;S;101
1474;2019-01-01;7;0;13920;S;101
1475;2019-01-01;7;0;13920;S;101
1476;2019-01-01;7;0;13920;S;101
1477;2019-01-01;7;0;13920;S;101
1478;2019-01-01;7;0;13920;S;101
1479;2019-01-01;7;0;13920;S;101
1480;2019-01-01;7;0;13920;S;101
1481;2019-01-01;7;0;13920;S;101
1482;2019-01-01;7;0;13920;S;101
1483;2019-01-01;7;0;13920;S;101
1484;2019-01-01;7;0;13920;S;101
1485;2019-01-01;7;0;13920;S;101
1486;2019-01-01;7;0;13920;S;101
1487;2019-01-01;7;0;13920;S;101
1488;2019-01-01;7;0;13920;S;101
1489;2019-01-01;7;0;13920;S;101
1490;2019-01-01;7;0;13920;S;101
1491;2019-01-01;7;0;13920;S;101
1492;2019-01-01;7;0;13920;S;101
1493;2019-01-01;7;0;13920;S;101
1494;2019-01-01;7;0;13920;S;101
1495;2019-01-01;7;0;13920;S;101
1496;2019-01-01;7;0;13920;S;101
1497;2019-01-01;7;0;13920;S;101
1498;2019-01-01;7;0;13920;S;101
1499;2019-01-01;7;0;13920;S;101
1500;2019-01-01;7;0;13920;S;101
1501;2019-01-01;7;0;13920;S;101
1502;2019-01-01;7;0;13920;S;101
1503;2019-01-01;7;0;13920;S;101
1504;2019-01-01;7;0;13920;S;101
1505;2019-01-01;7;0;13920;S;101
1506;2019-01-01;7;0;13920;S;101
1507;2019-01-01;7;0;13920;S;101
1508;2019-01-01;7;0;13920;S;101
1509;2019-01-01;7;0;13920;S;101
1510;2019-01-01;7;0;13920;S;101
1511;2019-01-01;7;0;13920;S;101
1512;2019-01-01;7;0;13920;S;101
1513;2019-01-01;7;0;13920;S;101
1514;2019-01-01;7;0;13920;S;101
1515;2019-01-01;7;0;13920;S;101
1516;2019-01-01;7;0;13920;S;101
1517;2019-01-01;7;0;13920;S;101
1518;2019-01-01;7;0;13920;S;101
1519;2019-01-01;7;0;13920;S;101
1520;2019-01-01;7;0;13920;S;101
1521;2019-01-01;7;0;13920;S;101
1522;2019-01-01;7;0;13920;S;101
1523;2019-01-01;7;0;13920;S;101
1524;2019-01-01;7;0;13920;S;101
1525;2019-01-01;7;0;13920;S;101
1526;2019-01-01;7;0;13920;S;101
1527;2019-01-01;7;0;13920;S;101
1528;2019-01-01;7;0;13920;S;101
1529;2019-01-01;7;0;13920;S;101
1530;2019-01-01;7;0;13920;S;101
1531;2019-01-01;7;0;13920;S;101
1532;2019-01-01;7;0;13920;S;101
1533;2019-01-01;7;0;13920;S;101
1534;2019-01-01;7;0;13920;S;101
1535;2019-01-01;7;0;13920;S;101
1536;2019-01-01;7;0;13920;S;101
1537;2019-01-01;7;0;13920;S;101
1538;2019-01-01;7;0;13920;S;101
1539;2019-01-01;7;0;13920;S;101
1540;2019-01-01;7;0;13920;S;101
1541;2019-01-01;7;0;13920;S;101
1542;2019-01-01;7;0;13920;S;101
1543;2019-01-01;7;0;13920;S;101
1544;2019-01-01;7;0;13920;S;101
1545;2019-01-01;7;0;13920;S;101
1546;2019-01-01;7;0;13920;S;101
1547;2019-01-01;7;0;13920;S;101
1548;2019-01-01;7;0;13920;S;101
1549;2019-01-01;7;0;13920;S;101
1550;2019-01-01;7;0;13920;S;101
1551;2019-01-01;7;0;13920;S;101
1552;2019-01-01;7;0;13920;S;101
1553;2019-01-01;7;0;13920;S;101
1554;2019-01-01;7;0;13920;S;101
1555;2019-01-01;7;0;13920;S;101
1556;2019-01-01;7;0;13920;S;101
1557;2019-01-01;7;0;13920;S;101
1558;2019-01-01;7;0;13920;S;101
1559;2019-01-01;7;0;13920;S;101
1566;2019-01-01;7;0;13920;S;101
1567;2019-01-01;7;0;13920;S;101
1568;2019-01-01;7;0;13920;S;101
1569;2019-01-01;7;0;13920;S;101
1570;2019-01-01;7;0;13920;S;101
1571;2019-01-01;7;0;13920;S;101
1572;2019-01-01;7;0;13920;S;101
1573;2019-01-01;7;0;13920;S;101
1574;2019-01-01;7;0;13920;S;101
1575;2019-01-01;7;0;13920;S;101
1576;2019-01-01;7;0;13920;S;101
1577;2019-01-01;7;0;13920;S;101
1578;2019-01-01;7;0;13920;S;101
1579;2019-01-01;7;0;13920;S;101
1580;2019-01-01;7;0;13920;S;101
1581;2019-01-01;7;0;13920;S;101
1582;2019-01-01;7;0;13920;S;101
1583;2019-01-01;7;0;13920;S;101
1584;2019-01-01;7;0;13920;S;101
1585;2019-01-01;7;0;13920;S;101
1586;2019-01-01;7;0;13920;S;101
1587;2019-01-01;7;0;13920;S;101
1588;2019-01-01;7;0;13920;S;101
1589;2019-01-01;7;0;13920;S;101
1590;2019-01-01;7;0;13920;S;101
1591;2019-01-01;7;0;13920;S;101
1592;2019-01-01;7;0;13920;S;101
1593;2019-01-01;7;0;13920;S;101
1594;2019-01-01;7;0;13920;S;101
1595;2019-01-01;7;0;13920;S;101
1596;2019-01-01;7;0;13920;S;101
1597;2019-01-01;7;0;13920;S;101
1598;2019-01-01;7;0;13920;S;101
1599;2019-01-01;7;0;13920;S;101
1600;2019-01-01;7;0;13920;S;101
1601;2019-01-01;7;0;13920;S;101
1602;2019-01-01;7;0;13920;S;101
1603;2019-01-01;7;0;13920;S;101
1604;2019-01-01;7;0;13920;S;101
1605;2019-01-01;7;0;13920;S;101
1606;2019-01-01;7;0;13920;S;101
1607;2019-01-01;7;0;13920;S;101
1608;2019-01-01;7;0;13920;S;101
1609;2019-01-01;7;0;13920;S;101
1610;2019-01-01;7;0;13920;S;101
1611;2019-01-01;7;0;13920;S;101
1612;2019-01-01;7;0;13920;S;101
1613;2019-01-01;7;0;13920;S;101
1614;2019-01-01;7;0;13920;S;101
1615;2019-01-01;7;0;13920;S;101
1616;2019-01-01;7;0;13920;S;101
1617;2019-01-01;7;0;13920;S;101
1618;2019-01-01;7;0;13920;S;101
1619;2019-01-01;7;0;13920;S;101
1620;2019-01-01;7;0;13920;S;101
1621;2019-01-01;7;0;13920;S;101
422;2019-01-01;7;0;435000;S;101
437;2019-01-01;7;0;226100;S;101
438;2019-01-01;7;0;226100;S;101
411;2019-01-01;7;0;587066;S;101
412;2019-01-01;7;0;587066;S;101
413;2019-01-01;7;0;587066;S;101
414;2019-01-01;7;0;587066;S;101
415;2019-01-01;7;0;587066;S;101
416;2019-01-01;7;0;587066;S;101
417;2019-01-01;7;0;587066;S;101
418;2019-01-01;7;0;587066;S;101
419;2019-01-01;7;0;587066;S;101
420;2019-01-01;7;0;587066;S;101
421;2019-01-01;7;0;587066;S;101
632;2019-01-01;7;0;631715;S;101
431;2019-01-01;7;0;223100;S;101
432;2019-01-01;7;0;226100;S;101
382;2019-01-01;7;0;400200;S;101
1401;2019-01-01;7;0;380649;S;101
1402;2019-01-01;7;0;380649;S;101
1403;2019-01-01;7;0;100000;S;101
1669;2019-01-01;7;0;1059022;S;101
378;2019-01-01;7;0;400200;S;101
379;2019-01-01;7;0;400200;S;101
617;2019-01-01;7;0;226314;S;101
383;2019-01-01;7;0;700000;S;101
16;2019-01-01;7;0;319000;S;101
267;2019-01-01;7;0;198000;S;101
71;2019-01-01;7;0;80000;S;101
343;2019-01-01;7;0;127963;S;101
346;2019-01-01;7;0;127963;S;101
345;2019-01-01;7;0;127963;S;101
342;2019-01-01;7;0;127963;S;101
344;2019-01-01;7;0;127963;S;101
2311;2019-01-01;7;0;1484800;S;101
2129;2019-01-01;7;0;2175614;S;101
2126;2019-01-01;7;0;8642000;S;101
2312;2019-01-01;7;0;2396792;S;101
2313;2019-01-01;7;0;89320;S;101
2314;2019-01-01;7;0;89320;S;101
1950;2019-01-01;7;0;3725498;S;101
2156;2019-01-01;7;0;496916;S;101
2157;2019-01-01;7;0;496916;S;101
2158;2019-01-01;7;0;496916;S;101
2159;2019-01-01;7;0;496916;S;101
21;2019-01-01;7;0;1015003;S;101
2599;2019-01-01;7;0;250000;S;101
2600;2019-01-01;7;0;250000;S;101
2601;2019-01-01;7;0;250000;S;101
2377;2019-01-01;7;0;1155490;S;101
2551;2019-01-01;7;0;92498;S;101
2191;2019-01-01;7;0;100000;S;101
2192;2019-01-01;7;0;100000;S;101
2193;2019-01-01;7;0;100000;S;101
2194;2019-01-01;7;0;100000;S;101
2195;2019-01-01;7;0;100000;S;101
2198;2019-01-01;7;0;29000;S;101
2199;2019-01-01;7;0;29000;S;101
2200;2019-01-01;7;0;29000;S;101
2201;2019-01-01;7;0;29000;S;101
2202;2019-01-01;7;0;29000;S;101
2203;2019-01-01;7;0;29000;S;101
2204;2019-01-01;7;0;29000;S;101
2205;2019-01-01;7;0;29000;S;101
2206;2019-01-01;7;0;29000;S;101
2209;2019-01-01;7;0;29000;S;101
2210;2019-01-01;7;0;29000;S;101
2211;2019-01-01;7;0;29000;S;101
2212;2019-01-01;7;0;29000;S;101
2213;2019-01-01;7;0;29000;S;101
2214;2019-01-01;7;0;29000;S;101
2215;2019-01-01;7;0;29000;S;101
2216;2019-01-01;7;0;29000;S;101
2217;2019-01-01;7;0;29000;S;101
2218;2019-01-01;7;0;29000;S;101
2219;2019-01-01;7;0;29000;S;101
2220;2019-01-01;7;0;4559376;S;101
2221;2019-01-01;7;0;29000;S;101
2222;2019-01-01;7;0;29000;S;101
2223;2019-01-01;7;0;29000;S;101
2225;2019-01-01;7;0;29000;S;101
2226;2019-01-01;7;0;29000;S;101
2227;2019-01-01;7;0;29000;S;101
2228;2019-01-01;7;0;29000;S;101
2229;2019-01-01;7;0;29000;S;101
2230;2019-01-01;7;0;29000;S;101
2231;2019-01-01;7;0;29000;S;101
2232;2019-01-01;7;0;29000;S;101
2233;2019-01-01;7;0;29000;S;101
2235;2019-01-01;7;0;29000;S;101
2236;2019-01-01;7;0;29000;S;101
2237;2019-01-01;7;0;29000;S;101
2238;2019-01-01;7;0;230000;S;101
2239;2019-01-01;7;0;100000;S;101
2208;2019-01-01;7;0;29000;S;101
2224;2019-01-01;7;0;29000;S;101
2234;2019-01-01;7;0;29000;S;101
2196;2019-01-01;7;0;100000;S;101
2207;2019-01-01;7;0;29000;S;101
2197;2019-01-01;7;0;29000;S;101
2553;2019-01-01;7;0;2105400;S;101
2002;2019-01-01;7;0;255200;S;101
2003;2019-01-01;7;0;255200;S;101
2004;2019-01-01;7;0;255200;S;101
2005;2019-01-01;7;0;255200;S;101
2006;2019-01-01;7;0;255200;S;101
2008;2019-01-01;7;0;255200;S;101
2001;2019-01-01;7;0;255200;S;101
2007;2019-01-01;7;0;255200;S;101
171;2019-01-01;7;0;1020047;S;101
170;2019-01-01;7;0;1020047;S;101
173;2019-01-01;7;0;1392000;S;101
266;2019-01-01;7;0;900000;S;101
172;2019-01-01;7;0;2990000;S;101
264;2019-01-01;7;0;6500000;S;101
265;2019-01-01;7;0;124504;S;101
2732;2019-01-01;7;0;300000;S;101
2756;2019-01-01;7;0;8180000;S;101
2375;2019-01-01;7;0;1825460;S;101
2718;2019-01-01;7;0;12425000;S;101
2719;2019-01-01;7;0;12425000;S;101
2598;2019-01-01;7;0;5284499;S;101
2753;2019-01-01;7;0;8180000;S;101
2693;2019-01-01;7;0;7800;S;101
2725;2019-01-01;7;0;300000;S;101
2;2019-01-01;7;0;3259000;S;101
2730;2019-01-01;7;0;300000;S;101
2372;2019-01-01;7;0;3988880;S;101
2373;2019-01-01;7;0;3988880;S;101
2534;2019-01-01;7;0;700300;S;101
2531;2019-01-01;7;0;1043699;S;101
2532;2019-01-01;7;0;1043699;S;101
2533;2019-01-01;7;0;1043699;S;101
2713;2019-01-01;7;0;1498000;S;101
2714;2019-01-01;7;0;1498000;S;101
2370;2019-01-01;7;0;3064250;S;101
2371;2019-01-01;7;0;3064250;S;101
2503;2019-01-01;7;0;1750000;S;101
2546;2019-01-01;7;0;3500000;S;101
2715;2019-01-01;7;0;11986000;S;101
307;2019-01-01;7;0;3132000;S;101
312;2019-01-01;7;0;18050000;S;101
2759;2019-01-01;7;0;9240000;S;101
166;2019-01-01;7;0;1899999;S;101
168;2019-01-01;7;0;3012348;S;101
167;2019-01-01;7;0;1072610;S;101
165;2019-01-01;7;0;6781122;S;101
169;2019-01-01;7;0;3012348;S;101
164;2019-01-01;7;0;2259680;S;101
255;2019-01-01;7;0;2114153;S;101
2775;2019-01-01;7;0;1500000;S;101
2848;2019-01-01;7;0;715364;S;101
2849;2019-01-01;7;0;600000;S;101
1941;2019-01-01;7;0;330506;S;101
1942;2019-01-01;7;0;330506;S;101
1943;2019-01-01;7;0;248120;S;101
1944;2019-01-01;7;0;248120;S;101
2720;2019-01-01;7;0;576000;S;101
